w1,w2,support,count
N11,N21,0.027755102040816326,34
N33,N40,0.026938775510204082,33
N06,N38,0.025306122448979593,31
N01,N28,0.024489795918367346,30
N10,N31,0.024489795918367346,30
N12,N24,0.024489795918367346,30
N03,N13,0.0236734693877551,29
N03,N20,0.0236734693877551,29
N03,N24,0.0236734693877551,29
N14,N15,0.0236734693877551,29
N15,N34,0.0236734693877551,29
N19,N21,0.0236734693877551,29
N24,N27,0.0236734693877551,29
N34,N42,0.0236734693877551,29
N37,N40,0.0236734693877551,29
N03,N27,0.022857142857142857,28
N13,N33,0.022857142857142857,28
N30,N34,0.022857142857142857,28
N01,N03,0.022040816326530613,27
N06,N28,0.022040816326530613,27
N07,N18,0.022040816326530613,27
N08,N27,0.022040816326530613,27
N08,N39,0.022040816326530613,27
N12,N15,0.022040816326530613,27
N12,N34,0.022040816326530613,27
N18,N31,0.022040816326530613,27
N18,N45,0.022040816326530613,27
N19,N45,0.022040816326530613,27
N21,N34,0.022040816326530613,27
N25,N36,0.022040816326530613,27
N27,N35,0.022040816326530613,27
N31,N34,0.022040816326530613,27
N04,N20,0.02122448979591837,26
N04,N33,0.02122448979591837,26
N05,N11,0.02122448979591837,26
N05,N20,0.02122448979591837,26
N05,N34,0.02122448979591837,26
N07,N19,0.02122448979591837,26
N07,N24,0.02122448979591837,26
N10,N16,0.02122448979591837,26
N11,N17,0.02122448979591837,26
N11,N44,0.02122448979591837,26
N12,N42,0.02122448979591837,26
N20,N33,0.02122448979591837,26
N20,N35,0.02122448979591837,26
N26,N27,0.02122448979591837,26
N27,N38,0.02122448979591837,26
N27,N40,0.02122448979591837,26
N34,N44,0.02122448979591837,26
N01,N12,0.02040816326530612,25
N03,N12,0.02040816326530612,25
N06,N37,0.02040816326530612,25
N07,N33,0.02040816326530612,25
N07,N38,0.02040816326530612,25
N10,N40,0.02040816326530612,25
N11,N39,0.02040816326530612,25
N12,N26,0.02040816326530612,25
N12,N33,0.02040816326530612,25
N13,N18,0.02040816326530612,25
N13,N28,0.02040816326530612,25
N17,N45,0.02040816326530612,25
N18,N34,0.02040816326530612,25
N19,N34,0.02040816326530612,25
N20,N44,0.02040816326530612,25
N27,N45,0.02040816326530612,25
N29,N33,0.02040816326530612,25
N31,N40,0.02040816326530612,25
N36,N39,0.02040816326530612,25
N01,N02,0.019591836734693877,24
N01,N42,0.019591836734693877,24
N03,N22,0.019591836734693877,24
N04,N26,0.019591836734693877,24
N04,N40,0.019591836734693877,24
N05,N12,0.019591836734693877,24
N05,N13,0.019591836734693877,24
N05,N14,0.019591836734693877,24
N05,N27,0.019591836734693877,24
N06,N11,0.019591836734693877,24
N06,N17,0.019591836734693877,24
N06,N18,0.019591836734693877,24
N07,N12,0.019591836734693877,24
N07,N36,0.019591836734693877,24
N08,N17,0.019591836734693877,24
N08,N45,0.019591836734693877,24
N10,N22,0.019591836734693877,24
N11,N26,0.019591836734693877,24
N12,N40,0.019591836734693877,24
N13,N37,0.019591836734693877,24
N13,N45,0.019591836734693877,24
N14,N26,0.019591836734693877,24
N14,N40,0.019591836734693877,24
N15,N19,0.019591836734693877,24
N15,N21,0.019591836734693877,24
N16,N19,0.019591836734693877,24
N16,N24,0.019591836734693877,24
N16,N36,0.019591836734693877,24
N17,N18,0.019591836734693877,24
N17,N27,0.019591836734693877,24
N17,N36,0.019591836734693877,24
N18,N21,0.019591836734693877,24
N18,N23,0.019591836734693877,24
N18,N32,0.019591836734693877,24
N18,N39,0.019591836734693877,24
N24,N44,0.019591836734693877,24
N26,N43,0.019591836734693877,24
N27,N36,0.019591836734693877,24
N30,N33,0.019591836734693877,24
N31,N32,0.019591836734693877,24
N31,N38,0.019591836734693877,24
N31,N44,0.019591836734693877,24
N33,N37,0.019591836734693877,24
N35,N37,0.019591836734693877,24
N35,N43,0.019591836734693877,24
N37,N38,0.019591836734693877,24
N42,N45,0.019591836734693877,24
N01,N34,0.018775510204081632,23
N02,N15,0.018775510204081632,23
N02,N25,0.018775510204081632,23
N02,N33,0.018775510204081632,23
N03,N32,0.018775510204081632,23
N06,N07,0.018775510204081632,23
N06,N13,0.018775510204081632,23
N06,N19,0.018775510204081632,23
N06,N21,0.018775510204081632,23
N06,N40,0.018775510204081632,23
N07,N15,0.018775510204081632,23
N07,N20,0.018775510204081632,23
N07,N22,0.018775510204081632,23
N07,N29,0.018775510204081632,23
N08,N13,0.018775510204081632,23
N08,N18,0.018775510204081632,23
N08,N19,0.018775510204081632,23
N08,N21,0.018775510204081632,23
N08,N31,0.018775510204081632,23
N10,N19,0.018775510204081632,23
N10,N38,0.018775510204081632,23
N12,N39,0.018775510204081632,23
N12,N43,0.018775510204081632,23
N13,N20,0.018775510204081632,23
N13,N39,0.018775510204081632,23
N14,N27,0.018775510204081632,23
N14,N30,0.018775510204081632,23
N14,N39,0.018775510204081632,23
N15,N23,0.018775510204081632,23
N16,N25,0.018775510204081632,23
N16,N31,0.018775510204081632,23
N16,N41,0.018775510204081632,23
N17,N39,0.018775510204081632,23
N18,N26,0.018775510204081632,23
N18,N30,0.018775510204081632,23
N19,N25,0.018775510204081632,23
N19,N42,0.018775510204081632,23
N19,N43,0.018775510204081632,23
N21,N25,0.018775510204081632,23
N21,N26,0.018775510204081632,23
N21,N36,0.018775510204081632,23
N21,N44,0.018775510204081632,23
N22,N37,0.018775510204081632,23
N26,N36,0.018775510204081632,23
N27,N29,0.018775510204081632,23
N27,N37,0.018775510204081632,23
N28,N30,0.018775510204081632,23
N28,N34,0.018775510204081632,23
N29,N44,0.018775510204081632,23
N30,N38,0.018775510204081632,23
N30,N39,0.018775510204081632,23
N30,N41,0.018775510204081632,23
N30,N43,0.018775510204081632,23
N30,N45,0.018775510204081632,23
N34,N45,0.018775510204081632,23
N35,N40,0.018775510204081632,23
N37,N45,0.018775510204081632,23
N38,N40,0.018775510204081632,23
N38,N45,0.018775510204081632,23
N39,N45,0.018775510204081632,23
N01,N13,0.017959183673469388,22
N01,N16,0.017959183673469388,22
N01,N17,0.017959183673469388,22
N01,N20,0.017959183673469388,22
N01,N27,0.017959183673469388,22
N01,N29,0.017959183673469388,22
N01,N35,0.017959183673469388,22
N02,N08,0.017959183673469388,22
N02,N11,0.017959183673469388,22
N02,N16,0.017959183673469388,22
N02,N17,0.017959183673469388,22
N02,N19,0.017959183673469388,22
N02,N28,0.017959183673469388,22
N02,N34,0.017959183673469388,22
N03,N04,0.017959183673469388,22
N03,N10,0.017959183673469388,22
N03,N42,0.017959183673469388,22
N04,N10,0.017959183673469388,22
N04,N16,0.017959183673469388,22
N04,N27,0.017959183673469388,22
N04,N37,0.017959183673469388,22
N06,N12,0.017959183673469388,22
N06,N14,0.017959183673469388,22
N06,N16,0.017959183673469388,22
N06,N22,0.017959183673469388,22
N07,N09,0.017959183673469388,22
N07,N40,0.017959183673469388,22
N08,N33,0.017959183673469388,22
N08,N36,0.017959183673469388,22
N09,N12,0.017959183673469388,22
N10,N14,0.017959183673469388,22
N10,N18,0.017959183673469388,22
N10,N35,0.017959183673469388,22
N10,N44,0.017959183673469388,22
N11,N37,0.017959183673469388,22
N12,N19,0.017959183673469388,22
N12,N20,0.017959183673469388,22
N12,N29,0.017959183673469388,22
N12,N41,0.017959183673469388,22
N12,N45,0.017959183673469388,22
N13,N29,0.017959183673469388,22
N13,N32,0.017959183673469388,22
N13,N38,0.017959183673469388,22
N14,N18,0.017959183673469388,22
N14,N21,0.017959183673469388,22
N14,N22,0.017959183673469388,22
N14,N36,0.017959183673469388,22
N14,N37,0.017959183673469388,22
N15,N24,0.017959183673469388,22
N15,N43,0.017959183673469388,22
N16,N23,0.017959183673469388,22
N17,N20,0.017959183673469388,22
N17,N31,0.017959183673469388,22
N18,N38,0.017959183673469388,22
N18,N42,0.017959183673469388,22
N20,N24,0.017959183673469388,22
N21,N27,0.017959183673469388,22
N21,N35,0.017959183673469388,22
N22,N34,0.017959183673469388,22
N24,N45,0.017959183673469388,22
N25,N33,0.017959183673469388,22
N26,N40,0.017959183673469388,22
N29,N34,0.017959183673469388,22
N29,N38,0.017959183673469388,22
N29,N40,0.017959183673469388,22
N30,N31,0.017959183673469388,22
N31,N43,0.017959183673469388,22
N32,N33,0.017959183673469388,22
N33,N35,0.017959183673469388,22
N33,N36,0.017959183673469388,22
N33,N44,0.017959183673469388,22
N39,N41,0.017959183673469388,22
N40,N41,0.017959183673469388,22
N41,N45,0.017959183673469388,22
N01,N04,0.017142857142857144,21
N01,N08,0.017142857142857144,21
N01,N09,0.017142857142857144,21
N01,N10,0.017142857142857144,21
N01,N26,0.017142857142857144,21
N03,N07,0.017142857142857144,21
N03,N11,0.017142857142857144,21
N03,N14,0.017142857142857144,21
N03,N15,0.017142857142857144,21
N03,N37,0.017142857142857144,21
N03,N45,0.017142857142857144,21
N04,N17,0.017142857142857144,21
N04,N45,0.017142857142857144,21
N05,N26,0.017142857142857144,21
N06,N39,0.017142857142857144,21
N07,N16,0.017142857142857144,21
N07,N26,0.017142857142857144,21
N09,N33,0.017142857142857144,21
N10,N37,0.017142857142857144,21
N11,N14,0.017142857142857144,21
N11,N28,0.017142857142857144,21
N12,N32,0.017142857142857144,21
N13,N34,0.017142857142857144,21
N13,N43,0.017142857142857144,21
N14,N31,0.017142857142857144,21
N14,N33,0.017142857142857144,21
N14,N45,0.017142857142857144,21
N15,N22,0.017142857142857144,21
N15,N25,0.017142857142857144,21
N16,N38,0.017142857142857144,21
N16,N40,0.017142857142857144,21
N16,N43,0.017142857142857144,21
N17,N19,0.017142857142857144,21
N17,N30,0.017142857142857144,21
N17,N34,0.017142857142857144,21
N17,N35,0.017142857142857144,21
N17,N44,0.017142857142857144,21
N18,N20,0.017142857142857144,21
N19,N28,0.017142857142857144,21
N21,N37,0.017142857142857144,21
N22,N38,0.017142857142857144,21
N23,N35,0.017142857142857144,21
N23,N43,0.017142857142857144,21
N23,N44,0.017142857142857144,21
N24,N30,0.017142857142857144,21
N24,N33,0.017142857142857144,21
N24,N40,0.017142857142857144,21
N25,N29,0.017142857142857144,21
N25,N37,0.017142857142857144,21
N26,N31,0.017142857142857144,21
N27,N42,0.017142857142857144,21
N27,N43,0.017142857142857144,21
N28,N42,0.017142857142857144,21
N28,N43,0.017142857142857144,21
N30,N35,0.017142857142857144,21
N31,N37,0.017142857142857144,21
N32,N45,0.017142857142857144,21
N33,N38,0.017142857142857144,21
N33,N45,0.017142857142857144,21
N36,N45,0.017142857142857144,21
N37,N43,0.017142857142857144,21
N38,N39,0.017142857142857144,21
N39,N43,0.017142857142857144,21
N40,N43,0.017142857142857144,21
N01,N18,0.0163265306122449,20
N01,N23,0.0163265306122449,20
N01,N24,0.0163265306122449,20
N01,N40,0.0163265306122449,20
N01,N41,0.0163265306122449,20
N01,N45,0.0163265306122449,20
N02,N06,0.0163265306122449,20
N02,N20,0.0163265306122449,20
N02,N27,0.0163265306122449,20
N02,N45,0.0163265306122449,20
N03,N33,0.0163265306122449,20
N03,N34,0.0163265306122449,20
N03,N38,0.0163265306122449,20
N04,N32,0.0163265306122449,20
N05,N06,0.0163265306122449,20
N05,N18,0.0163265306122449,20
N05,N39,0.0163265306122449,20
N05,N43,0.0163265306122449,20
N05,N45,0.0163265306122449,20
N06,N32,0.0163265306122449,20
N07,N27,0.0163265306122449,20
N07,N37,0.0163265306122449,20
N07,N42,0.0163265306122449,20
N08,N29,0.0163265306122449,20
N08,N38,0.0163265306122449,20
N08,N43,0.0163265306122449,20
N08,N44,0.0163265306122449,20
N10,N15,0.0163265306122449,20
N10,N24,0.0163265306122449,20
N10,N33,0.0163265306122449,20
N10,N36,0.0163265306122449,20
N11,N13,0.0163265306122449,20
N11,N15,0.0163265306122449,20
N11,N16,0.0163265306122449,20
N11,N18,0.0163265306122449,20
N12,N13,0.0163265306122449,20
N12,N14,0.0163265306122449,20
N12,N38,0.0163265306122449,20
N13,N14,0.0163265306122449,20
N13,N15,0.0163265306122449,20
N13,N21,0.0163265306122449,20
N13,N25,0.0163265306122449,20
N13,N31,0.0163265306122449,20
N13,N36,0.0163265306122449,20
N13,N40,0.0163265306122449,20
N14,N32,0.0163265306122449,20
N14,N35,0.0163265306122449,20
N14,N38,0.0163265306122449,20
N15,N37,0.0163265306122449,20
N15,N45,0.0163265306122449,20
N16,N20,0.0163265306122449,20
N16,N28,0.0163265306122449,20
N16,N29,0.0163265306122449,20
N16,N44,0.0163265306122449,20
N18,N43,0.0163265306122449,20
N19,N23,0.0163265306122449,20
N19,N27,0.0163265306122449,20
N19,N41,0.0163265306122449,20
N20,N23,0.0163265306122449,20
N20,N26,0.0163265306122449,20
N20,N36,0.0163265306122449,20
N20,N41,0.0163265306122449,20
N21,N30,0.0163265306122449,20
N21,N32,0.0163265306122449,20
N23,N34,0.0163265306122449,20
N23,N45,0.0163265306122449,20
N24,N35,0.0163265306122449,20
N26,N34,0.0163265306122449,20
N26,N35,0.0163265306122449,20
N26,N38,0.0163265306122449,20
N26,N42,0.0163265306122449,20
N27,N39,0.0163265306122449,20
N28,N40,0.0163265306122449,20
N30,N37,0.0163265306122449,20
N34,N35,0.0163265306122449,20
N34,N39,0.0163265306122449,20
N34,N41,0.0163265306122449,20
N35,N39,0.0163265306122449,20
N36,N37,0.0163265306122449,20
N37,N39,0.0163265306122449,20
N39,N44,0.0163265306122449,20
N01,N21,0.015510204081632653,19
N01,N37,0.015510204081632653,19
N02,N04,0.015510204081632653,19
N02,N39,0.015510204081632653,19
N03,N08,0.015510204081632653,19
N03,N23,0.015510204081632653,19
N03,N31,0.015510204081632653,19
N03,N36,0.015510204081632653,19
N03,N43,0.015510204081632653,19
N04,N08,0.015510204081632653,19
N04,N11,0.015510204081632653,19
N04,N12,0.015510204081632653,19
N04,N18,0.015510204081632653,19
N04,N23,0.015510204081632653,19
N04,N25,0.015510204081632653,19
N04,N34,0.015510204081632653,19
N05,N21,0.015510204081632653,19
N05,N42,0.015510204081632653,19
N06,N30,0.015510204081632653,19
N06,N31,0.015510204081632653,19
N06,N34,0.015510204081632653,19
N07,N11,0.015510204081632653,19
N07,N13,0.015510204081632653,19
N07,N39,0.015510204081632653,19
N08,N30,0.015510204081632653,19
N10,N13,0.015510204081632653,19
N10,N20,0.015510204081632653,19
N10,N27,0.015510204081632653,19
N10,N29,0.015510204081632653,19
N11,N12,0.015510204081632653,19
N11,N24,0.015510204081632653,19
N11,N27,0.015510204081632653,19
N11,N32,0.015510204081632653,19
N11,N35,0.015510204081632653,19
N11,N36,0.015510204081632653,19
N12,N18,0.015510204081632653,19
N13,N24,0.015510204081632653,19
N13,N26,0.015510204081632653,19
N14,N23,0.015510204081632653,19
N15,N20,0.015510204081632653,19
N15,N26,0.015510204081632653,19
N15,N40,0.015510204081632653,19
N15,N42,0.015510204081632653,19
N16,N33,0.015510204081632653,19
N16,N37,0.015510204081632653,19
N17,N21,0.015510204081632653,19
N17,N28,0.015510204081632653,19
N17,N33,0.015510204081632653,19
N17,N43,0.015510204081632653,19
N18,N24,0.015510204081632653,19
N18,N27,0.015510204081632653,19
N18,N37,0.015510204081632653,19
N18,N44,0.015510204081632653,19
N19,N24,0.015510204081632653,19
N19,N26,0.015510204081632653,19
N20,N30,0.015510204081632653,19
N21,N33,0.015510204081632653,19
N21,N39,0.015510204081632653,19
N21,N45,0.015510204081632653,19
N22,N31,0.015510204081632653,19
N22,N36,0.015510204081632653,19
N24,N32,0.015510204081632653,19
N24,N34,0.015510204081632653,19
N24,N37,0.015510204081632653,19
N25,N34,0.015510204081632653,19
N26,N29,0.015510204081632653,19
N26,N33,0.015510204081632653,19
N26,N37,0.015510204081632653,19
N27,N28,0.015510204081632653,19
N27,N44,0.015510204081632653,19
N28,N45,0.015510204081632653,19
N31,N33,0.015510204081632653,19
N32,N40,0.015510204081632653,19
N33,N41,0.015510204081632653,19
N33,N42,0.015510204081632653,19
N34,N40,0.015510204081632653,19
N34,N43,0.015510204081632653,19
N35,N36,0.015510204081632653,19
N35,N45,0.015510204081632653,19
N37,N41,0.015510204081632653,19
N40,N44,0.015510204081632653,19
N41,N44,0.015510204081632653,19
N42,N43,0.015510204081632653,19
N43,N45,0.015510204081632653,19
N01,N05,0.014693877551020407,18
N01,N11,0.014693877551020407,18
N01,N38,0.014693877551020407,18
N02,N12,0.014693877551020407,18
N02,N22,0.014693877551020407,18
N02,N37,0.014693877551020407,18
N02,N44,0.014693877551020407,18
N03,N16,0.014693877551020407,18
N03,N17,0.014693877551020407,18
N03,N30,0.014693877551020407,18
N03,N35,0.014693877551020407,18
N03,N44,0.014693877551020407,18
N04,N05,0.014693877551020407,18
N04,N09,0.014693877551020407,18
N04,N15,0.014693877551020407,18
N04,N19,0.014693877551020407,18
N04,N29,0.014693877551020407,18
N04,N41,0.014693877551020407,18
N04,N43,0.014693877551020407,18
N05,N17,0.014693877551020407,18
N05,N22,0.014693877551020407,18
N05,N25,0.014693877551020407,18
N06,N10,0.014693877551020407,18
N06,N24,0.014693877551020407,18
N06,N41,0.014693877551020407,18
N07,N17,0.014693877551020407,18
N07,N34,0.014693877551020407,18
N07,N35,0.014693877551020407,18
N07,N41,0.014693877551020407,18
N07,N44,0.014693877551020407,18
N07,N45,0.014693877551020407,18
N08,N15,0.014693877551020407,18
N08,N25,0.014693877551020407,18
N08,N35,0.014693877551020407,18
N09,N27,0.014693877551020407,18
N09,N28,0.014693877551020407,18
N09,N35,0.014693877551020407,18
N09,N38,0.014693877551020407,18
N10,N28,0.014693877551020407,18
N10,N32,0.014693877551020407,18
N11,N31,0.014693877551020407,18
N11,N41,0.014693877551020407,18
N11,N45,0.014693877551020407,18
N12,N21,0.014693877551020407,18
N12,N31,0.014693877551020407,18
N13,N19,0.014693877551020407,18
N13,N41,0.014693877551020407,18
N14,N20,0.014693877551020407,18
N14,N25,0.014693877551020407,18
N14,N44,0.014693877551020407,18
N15,N17,0.014693877551020407,18
N15,N27,0.014693877551020407,18
N15,N28,0.014693877551020407,18
N15,N41,0.014693877551020407,18
N15,N44,0.014693877551020407,18
N16,N17,0.014693877551020407,18
N16,N26,0.014693877551020407,18
N16,N27,0.014693877551020407,18
N16,N39,0.014693877551020407,18
N17,N24,0.014693877551020407,18
N17,N26,0.014693877551020407,18
N17,N29,0.014693877551020407,18
N17,N37,0.014693877551020407,18
N18,N29,0.014693877551020407,18
N18,N35,0.014693877551020407,18
N19,N32,0.014693877551020407,18
N19,N40,0.014693877551020407,18
N20,N27,0.014693877551020407,18
N20,N28,0.014693877551020407,18
N20,N31,0.014693877551020407,18
N20,N40,0.014693877551020407,18
N20,N43,0.014693877551020407,18
N21,N41,0.014693877551020407,18
N21,N43,0.014693877551020407,18
N22,N28,0.014693877551020407,18
N23,N25,0.014693877551020407,18
N23,N29,0.014693877551020407,18
N23,N38,0.014693877551020407,18
N23,N39,0.014693877551020407,18
N23,N40,0.014693877551020407,18
N24,N36,0.014693877551020407,18
N24,N38,0.014693877551020407,18
N24,N39,0.014693877551020407,18
N24,N42,0.014693877551020407,18
N25,N27,0.014693877551020407,18
N25,N28,0.014693877551020407,18
N25,N31,0.014693877551020407,18
N25,N38,0.014693877551020407,18
N25,N43,0.014693877551020407,18
N26,N28,0.014693877551020407,18
N26,N30,0.014693877551020407,18
N26,N44,0.014693877551020407,18
N27,N30,0.014693877551020407,18
N28,N36,0.014693877551020407,18
N29,N31,0.014693877551020407,18
N29,N39,0.014693877551020407,18
N29,N43,0.014693877551020407,18
N29,N45,0.014693877551020407,18
N32,N34,0.014693877551020407,18
N32,N42,0.014693877551020407,18
N33,N34,0.014693877551020407,18
N34,N36,0.014693877551020407,18
N34,N38,0.014693877551020407,18
N35,N38,0.014693877551020407,18
N35,N44,0.014693877551020407,18
N36,N44,0.014693877551020407,18
N38,N43,0.014693877551020407,18
N38,N44,0.014693877551020407,18
N41,N43,0.014693877551020407,18
N01,N15,0.013877551020408163,17
N01,N39,0.013877551020408163,17
N01,N43,0.013877551020408163,17
N02,N13,0.013877551020408163,17
N02,N24,0.013877551020408163,17
N02,N31,0.013877551020408163,17
N02,N42,0.013877551020408163,17
N02,N43,0.013877551020408163,17
N03,N06,0.013877551020408163,17
N03,N39,0.013877551020408163,17
N03,N41,0.013877551020408163,17
N04,N14,0.013877551020408163,17
N04,N28,0.013877551020408163,17
N04,N31,0.013877551020408163,17
N04,N42,0.013877551020408163,17
N05,N29,0.013877551020408163,17
N05,N30,0.013877551020408163,17
N05,N37,0.013877551020408163,17
N05,N44,0.013877551020408163,17
N06,N15,0.013877551020408163,17
N06,N35,0.013877551020408163,17
N06,N36,0.013877551020408163,17
N06,N43,0.013877551020408163,17
N07,N23,0.013877551020408163,17
N08,N14,0.013877551020408163,17
N08,N34,0.013877551020408163,17
N08,N42,0.013877551020408163,17
N09,N17,0.013877551020408163,17
N09,N18,0.013877551020408163,17
N09,N24,0.013877551020408163,17
N09,N37,0.013877551020408163,17
N10,N11,0.013877551020408163,17
N10,N34,0.013877551020408163,17
N10,N41,0.013877551020408163,17
N11,N29,0.013877551020408163,17
N11,N38,0.013877551020408163,17
N12,N23,0.013877551020408163,17
N12,N27,0.013877551020408163,17
N12,N30,0.013877551020408163,17
N12,N44,0.013877551020408163,17
N13,N17,0.013877551020408163,17
N13,N42,0.013877551020408163,17
N13,N44,0.013877551020408163,17
N14,N16,0.013877551020408163,17
N14,N19,0.013877551020408163,17
N14,N34,0.013877551020408163,17
N14,N42,0.013877551020408163,17
N14,N43,0.013877551020408163,17
N15,N33,0.013877551020408163,17
N15,N36,0.013877551020408163,17
N16,N18,0.013877551020408163,17
N16,N21,0.013877551020408163,17
N16,N34,0.013877551020408163,17
N16,N42,0.013877551020408163,17
N16,N45,0.013877551020408163,17
N17,N23,0.013877551020408163,17
N17,N32,0.013877551020408163,17
N17,N40,0.013877551020408163,17
N18,N40,0.013877551020408163,17
N19,N20,0.013877551020408163,17
N19,N33,0.013877551020408163,17
N19,N39,0.013877551020408163,17
N19,N44,0.013877551020408163,17
N20,N25,0.013877551020408163,17
N20,N32,0.013877551020408163,17
N20,N34,0.013877551020408163,17
N20,N42,0.013877551020408163,17
N20,N45,0.013877551020408163,17
N21,N22,0.013877551020408163,17
N21,N31,0.013877551020408163,17
N22,N24,0.013877551020408163,17
N22,N25,0.013877551020408163,17
N22,N40,0.013877551020408163,17
N22,N44,0.013877551020408163,17
N23,N24,0.013877551020408163,17
N23,N28,0.013877551020408163,17
N23,N36,0.013877551020408163,17
N23,N42,0.013877551020408163,17
N25,N35,0.013877551020408163,17
N25,N40,0.013877551020408163,17
N25,N44,0.013877551020408163,17
N25,N45,0.013877551020408163,17
N26,N41,0.013877551020408163,17
N27,N31,0.013877551020408163,17
N27,N33,0.013877551020408163,17
N28,N38,0.013877551020408163,17
N28,N39,0.013877551020408163,17
N31,N36,0.013877551020408163,17
N31,N41,0.013877551020408163,17
N31,N45,0.013877551020408163,17
N32,N36,0.013877551020408163,17
N36,N38,0.013877551020408163,17
N36,N41,0.013877551020408163,17
N40,N45,0.013877551020408163,17
N41,N42,0.013877551020408163,17
N43,N44,0.013877551020408163,17
N01,N06,0.013061224489795919,16
N01,N14,0.013061224489795919,16
N01,N36,0.013061224489795919,16
N02,N03,0.013061224489795919,16
N02,N26,0.013061224489795919,16
N02,N29,0.013061224489795919,16
N02,N30,0.013061224489795919,16
N03,N09,0.013061224489795919,16
N03,N18,0.013061224489795919,16
N03,N19,0.013061224489795919,16
N03,N40,0.013061224489795919,16
N04,N22,0.013061224489795919,16
N05,N07,0.013061224489795919,16
N05,N09,0.013061224489795919,16
N05,N31,0.013061224489795919,16
N05,N32,0.013061224489795919,16
N06,N20,0.013061224489795919,16
N06,N27,0.013061224489795919,16
N07,N25,0.013061224489795919,16
N07,N28,0.013061224489795919,16
N07,N43,0.013061224489795919,16
N08,N28,0.013061224489795919,16
N08,N32,0.013061224489795919,16
N08,N37,0.013061224489795919,16
N09,N10,0.013061224489795919,16
N09,N21,0.013061224489795919,16
N09,N25,0.013061224489795919,16
N09,N29,0.013061224489795919,16
N09,N39,0.013061224489795919,16
N10,N12,0.013061224489795919,16
N10,N42,0.013061224489795919,16
N11,N33,0.013061224489795919,16
N12,N25,0.013061224489795919,16
N12,N28,0.013061224489795919,16
N12,N36,0.013061224489795919,16
N13,N16,0.013061224489795919,16
N13,N27,0.013061224489795919,16
N13,N35,0.013061224489795919,16
N14,N17,0.013061224489795919,16
N14,N28,0.013061224489795919,16
N15,N16,0.013061224489795919,16
N15,N30,0.013061224489795919,16
N15,N35,0.013061224489795919,16
N15,N39,0.013061224489795919,16
N16,N35,0.013061224489795919,16
N17,N25,0.013061224489795919,16
N17,N38,0.013061224489795919,16
N18,N19,0.013061224489795919,16
N18,N28,0.013061224489795919,16
N19,N30,0.013061224489795919,16
N19,N31,0.013061224489795919,16
N19,N35,0.013061224489795919,16
N19,N38,0.013061224489795919,16
N20,N37,0.013061224489795919,16
N20,N39,0.013061224489795919,16
N21,N29,0.013061224489795919,16
N21,N38,0.013061224489795919,16
N22,N26,0.013061224489795919,16
N22,N32,0.013061224489795919,16
N22,N42,0.013061224489795919,16
N23,N27,0.013061224489795919,16
N23,N31,0.013061224489795919,16
N24,N29,0.013061224489795919,16
N24,N41,0.013061224489795919,16
N26,N39,0.013061224489795919,16
N27,N34,0.013061224489795919,16
N27,N41,0.013061224489795919,16
N28,N37,0.013061224489795919,16
N28,N41,0.013061224489795919,16
N29,N35,0.013061224489795919,16
N29,N42,0.013061224489795919,16
N30,N36,0.013061224489795919,16
N30,N44,0.013061224489795919,16
N32,N37,0.013061224489795919,16
N33,N39,0.013061224489795919,16
N36,N42,0.013061224489795919,16
N39,N40,0.013061224489795919,16
N01,N19,0.012244897959183673,15
N02,N05,0.012244897959183673,15
N02,N14,0.012244897959183673,15
N02,N32,0.012244897959183673,15
N04,N13,0.012244897959183673,15
N04,N24,0.012244897959183673,15
N04,N38,0.012244897959183673,15
N04,N39,0.012244897959183673,15
N05,N16,0.012244897959183673,15
N05,N35,0.012244897959183673,15
N06,N26,0.012244897959183673,15
N06,N44,0.012244897959183673,15
N07,N08,0.012244897959183673,15
N07,N10,0.012244897959183673,15
N07,N30,0.012244897959183673,15
N08,N16,0.012244897959183673,15
N08,N23,0.012244897959183673,15
N08,N41,0.012244897959183673,15
N09,N11,0.012244897959183673,15
N09,N26,0.012244897959183673,15
N09,N30,0.012244897959183673,15
N09,N34,0.012244897959183673,15
N09,N36,0.012244897959183673,15
N09,N40,0.012244897959183673,15
N09,N41,0.012244897959183673,15
N10,N23,0.012244897959183673,15
N10,N25,0.012244897959183673,15
N10,N43,0.012244897959183673,15
N11,N19,0.012244897959183673,15
N11,N20,0.012244897959183673,15
N11,N30,0.012244897959183673,15
N11,N43,0.012244897959183673,15
N12,N17,0.012244897959183673,15
N12,N35,0.012244897959183673,15
N12,N37,0.012244897959183673,15
N13,N22,0.012244897959183673,15
N15,N29,0.012244897959183673,15
N16,N30,0.012244897959183673,15
N17,N22,0.012244897959183673,15
N17,N42,0.012244897959183673,15
N18,N33,0.012244897959183673,15
N19,N22,0.012244897959183673,15
N19,N36,0.012244897959183673,15
N20,N29,0.012244897959183673,15
N20,N38,0.012244897959183673,15
N21,N40,0.012244897959183673,15
N22,N27,0.012244897959183673,15
N22,N35,0.012244897959183673,15
N23,N26,0.012244897959183673,15
N23,N37,0.012244897959183673,15
N25,N26,0.012244897959183673,15
N25,N39,0.012244897959183673,15
N26,N45,0.012244897959183673,15
N29,N37,0.012244897959183673,15
N30,N40,0.012244897959183673,15
N30,N42,0.012244897959183673,15
N31,N35,0.012244897959183673,15
N31,N39,0.012244897959183673,15
N36,N40,0.012244897959183673,15
N38,N41,0.012244897959183673,15
N38,N42,0.012244897959183673,15
N40,N42,0.012244897959183673,15
N42,N44,0.012244897959183673,15
N01,N07,0.011428571428571429,14
N01,N32,0.011428571428571429,14
N01,N33,0.011428571428571429,14
N01,N44,0.011428571428571429,14
N02,N07,0.011428571428571429,14
N02,N41,0.011428571428571429,14
N03,N26,0.011428571428571429,14
N03,N29,0.011428571428571429,14
N04,N06,0.011428571428571429,14
N04,N35,0.011428571428571429,14
N05,N23,0.011428571428571429,14
N05,N28,0.011428571428571429,14
N05,N41,0.011428571428571429,14
N06,N25,0.011428571428571429,14
N06,N42,0.011428571428571429,14
N07,N31,0.011428571428571429,14
N08,N11,0.011428571428571429,14
N08,N20,0.011428571428571429,14
N08,N24,0.011428571428571429,14
N08,N40,0.011428571428571429,14
N09,N13,0.011428571428571429,14
N09,N15,0.011428571428571429,14
N09,N16,0.011428571428571429,14
N09,N19,0.011428571428571429,14
N09,N23,0.011428571428571429,14
N09,N43,0.011428571428571429,14
N10,N39,0.011428571428571429,14
N11,N22,0.011428571428571429,14
N11,N25,0.011428571428571429,14
N12,N16,0.011428571428571429,14
N13,N23,0.011428571428571429,14
N14,N24,0.011428571428571429,14
N14,N29,0.011428571428571429,14
N18,N22,0.011428571428571429,14
N18,N36,0.011428571428571429,14
N20,N21,0.011428571428571429,14
N20,N22,0.011428571428571429,14
N21,N24,0.011428571428571429,14
N22,N33,0.011428571428571429,14
N23,N30,0.011428571428571429,14
N24,N31,0.011428571428571429,14
N25,N32,0.011428571428571429,14
N28,N44,0.011428571428571429,14
N29,N36,0.011428571428571429,14
N30,N32,0.011428571428571429,14
N31,N42,0.011428571428571429,14
N32,N38,0.011428571428571429,14
N32,N39,0.011428571428571429,14
N32,N41,0.011428571428571429,14
N33,N43,0.011428571428571429,14
N34,N37,0.011428571428571429,14
N35,N42,0.011428571428571429,14
N37,N42,0.011428571428571429,14
N44,N45,0.011428571428571429,14
N01,N25,0.010612244897959184,13
N02,N18,0.010612244897959184,13
N02,N21,0.010612244897959184,13
N02,N36,0.010612244897959184,13
N02,N38,0.010612244897959184,13
N02,N40,0.010612244897959184,13
N04,N07,0.010612244897959184,13
N05,N08,0.010612244897959184,13
N05,N15,0.010612244897959184,13
N05,N19,0.010612244897959184,13
N05,N24,0.010612244897959184,13
N07,N21,0.010612244897959184,13
N08,N10,0.010612244897959184,13
N09,N14,0.010612244897959184,13
N09,N42,0.010612244897959184,13
N09,N44,0.010612244897959184,13
N09,N45,0.010612244897959184,13
N10,N17,0.010612244897959184,13
N10,N30,0.010612244897959184,13
N11,N23,0.010612244897959184,13
N11,N42,0.010612244897959184,13
N12,N22,0.010612244897959184,13
N13,N30,0.010612244897959184,13
N14,N41,0.010612244897959184,13
N15,N31,0.010612244897959184,13
N15,N38,0.010612244897959184,13
N16,N32,0.010612244897959184,13
N17,N41,0.010612244897959184,13
N18,N25,0.010612244897959184,13
N19,N37,0.010612244897959184,13
N21,N42,0.010612244897959184,13
N22,N30,0.010612244897959184,13
N22,N39,0.010612244897959184,13
N22,N43,0.010612244897959184,13
N24,N25,0.010612244897959184,13
N24,N26,0.010612244897959184,13
N27,N32,0.010612244897959184,13
N28,N29,0.010612244897959184,13
N29,N32,0.010612244897959184,13
N32,N44,0.010612244897959184,13
N36,N43,0.010612244897959184,13
N01,N30,0.009795918367346938,12
N01,N31,0.009795918367346938,12
N02,N09,0.009795918367346938,12
N02,N10,0.009795918367346938,12
N03,N05,0.009795918367346938,12
N03,N21,0.009795918367346938,12
N03,N28,0.009795918367346938,12
N04,N36,0.009795918367346938,12
N04,N44,0.009795918367346938,12
N05,N33,0.009795918367346938,12
N05,N36,0.009795918367346938,12
N05,N38,0.009795918367346938,12
N05,N40,0.009795918367346938,12
N06,N08,0.009795918367346938,12
N06,N09,0.009795918367346938,12
N06,N45,0.009795918367346938,12
N07,N14,0.009795918367346938,12
N08,N22,0.009795918367346938,12
N09,N31,0.009795918367346938,12
N10,N21,0.009795918367346938,12
N10,N45,0.009795918367346938,12
N15,N18,0.009795918367346938,12
N15,N32,0.009795918367346938,12
N18,N41,0.009795918367346938,12
N21,N23,0.009795918367346938,12
N22,N23,0.009795918367346938,12
N22,N29,0.009795918367346938,12
N22,N41,0.009795918367346938,12
N25,N41,0.009795918367346938,12
N25,N42,0.009795918367346938,12
N28,N31,0.009795918367346938,12
N28,N32,0.009795918367346938,12
N32,N35,0.009795918367346938,12
N32,N43,0.009795918367346938,12
N39,N42,0.009795918367346938,12
N02,N23,0.008979591836734694,11
N02,N35,0.008979591836734694,11
N04,N21,0.008979591836734694,11
N05,N10,0.008979591836734694,11
N09,N22,0.008979591836734694,11
N09,N32,0.008979591836734694,11
N10,N26,0.008979591836734694,11
N21,N28,0.008979591836734694,11
N22,N45,0.008979591836734694,11
N23,N32,0.008979591836734694,11
N23,N33,0.008979591836734694,11
N25,N30,0.008979591836734694,11
N28,N33,0.008979591836734694,11
N28,N35,0.008979591836734694,11
N29,N41,0.008979591836734694,11
N35,N41,0.008979591836734694,11
N06,N23,0.00816326530612245,10
N06,N29,0.00816326530612245,10
N07,N32,0.00816326530612245,10
N08,N09,0.00816326530612245,10
N09,N20,0.00816326530612245,10
N11,N34,0.00816326530612245,10
N16,N22,0.00816326530612245,10
N19,N29,0.00816326530612245,10
N24,N28,0.00816326530612245,10
N29,N30,0.00816326530612245,10
N37,N44,0.00816326530612245,10
N01,N22,0.007346938775510204,9
N03,N25,0.007346938775510204,9
N04,N30,0.007346938775510204,9
N06,N33,0.007346938775510204,9
N11,N40,0.007346938775510204,9
N23,N41,0.007346938775510204,9
N08,N26,0.006530612244897959,8
N24,N43,0.006530612244897959,8
N26,N32,0.006530612244897959,8
N08,N12,0.005714285714285714,7
