w1,w2,count,support
N11,N21,34,0.027755102040816326
N33,N40,33,0.026938775510204082
N06,N38,31,0.025306122448979593
N01,N28,30,0.024489795918367346
N10,N31,30,0.024489795918367346
N12,N24,30,0.024489795918367346
N03,N13,29,0.0236734693877551
N03,N20,29,0.0236734693877551
N03,N24,29,0.0236734693877551
N14,N15,29,0.0236734693877551
N15,N34,29,0.0236734693877551
N19,N21,29,0.0236734693877551
N24,N27,29,0.0236734693877551
N34,N42,29,0.0236734693877551
N37,N40,29,0.0236734693877551
N03,N27,28,0.022857142857142857
N13,N33,28,0.022857142857142857
N30,N34,28,0.022857142857142857
N01,N03,27,0.022040816326530613
N06,N28,27,0.022040816326530613
N07,N18,27,0.022040816326530613
N08,N27,27,0.022040816326530613
N08,N39,27,0.022040816326530613
N12,N15,27,0.022040816326530613
N12,N34,27,0.022040816326530613
N18,N31,27,0.022040816326530613
N18,N45,27,0.022040816326530613
N19,N45,27,0.022040816326530613
N21,N34,27,0.022040816326530613
N25,N36,27,0.022040816326530613
N27,N35,27,0.022040816326530613
N31,N34,27,0.022040816326530613
N04,N20,26,0.02122448979591837
N04,N33,26,0.02122448979591837
N05,N11,26,0.02122448979591837
N05,N20,26,0.02122448979591837
N05,N34,26,0.02122448979591837
N07,N19,26,0.02122448979591837
N07,N24,26,0.02122448979591837
N10,N16,26,0.02122448979591837
N11,N17,26,0.02122448979591837
N11,N44,26,0.02122448979591837
N12,N42,26,0.02122448979591837
N20,N33,26,0.02122448979591837
N20,N35,26,0.02122448979591837
N26,N27,26,0.02122448979591837
N27,N38,26,0.02122448979591837
N27,N40,26,0.02122448979591837
N34,N44,26,0.02122448979591837
N01,N12,25,0.02040816326530612
N03,N12,25,0.02040816326530612
N06,N37,25,0.02040816326530612
N07,N33,25,0.02040816326530612
N07,N38,25,0.02040816326530612
N10,N40,25,0.02040816326530612
N11,N39,25,0.02040816326530612
N12,N26,25,0.02040816326530612
N12,N33,25,0.02040816326530612
N13,N18,25,0.02040816326530612
N13,N28,25,0.02040816326530612
N17,N45,25,0.02040816326530612
N18,N34,25,0.02040816326530612
N19,N34,25,0.02040816326530612
N20,N44,25,0.02040816326530612
N27,N45,25,0.02040816326530612
N29,N33,25,0.02040816326530612
N31,N40,25,0.02040816326530612
N36,N39,25,0.02040816326530612
N01,N02,24,0.019591836734693877
N01,N42,24,0.019591836734693877
N03,N22,24,0.019591836734693877
N04,N26,24,0.019591836734693877
N04,N40,24,0.019591836734693877
N05,N12,24,0.019591836734693877
N05,N13,24,0.019591836734693877
N05,N14,24,0.019591836734693877
N05,N27,24,0.019591836734693877
N06,N11,24,0.019591836734693877
N06,N17,24,0.019591836734693877
N06,N18,24,0.019591836734693877
N07,N12,24,0.019591836734693877
N07,N36,24,0.019591836734693877
N08,N17,24,0.019591836734693877
N08,N45,24,0.019591836734693877
N10,N22,24,0.019591836734693877
N11,N26,24,0.019591836734693877
N12,N40,24,0.019591836734693877
N13,N37,24,0.019591836734693877
N13,N45,24,0.019591836734693877
N14,N26,24,0.019591836734693877
N14,N40,24,0.019591836734693877
N15,N19,24,0.019591836734693877
N15,N21,24,0.019591836734693877
N16,N19,24,0.019591836734693877
N16,N24,24,0.019591836734693877
N16,N36,24,0.019591836734693877
N17,N18,24,0.019591836734693877
N17,N27,24,0.019591836734693877
N17,N36,24,0.019591836734693877
N18,N21,24,0.019591836734693877
N18,N23,24,0.019591836734693877
N18,N32,24,0.019591836734693877
N18,N39,24,0.019591836734693877
N24,N44,24,0.019591836734693877
N26,N43,24,0.019591836734693877
N27,N36,24,0.019591836734693877
N30,N33,24,0.019591836734693877
N31,N32,24,0.019591836734693877
N31,N38,24,0.019591836734693877
N31,N44,24,0.019591836734693877
N33,N37,24,0.019591836734693877
N35,N37,24,0.019591836734693877
N35,N43,24,0.019591836734693877
N37,N38,24,0.019591836734693877
N42,N45,24,0.019591836734693877
N01,N34,23,0.018775510204081632
N02,N15,23,0.018775510204081632
N02,N25,23,0.018775510204081632
N02,N33,23,0.018775510204081632
N03,N32,23,0.018775510204081632
N06,N07,23,0.018775510204081632
N06,N13,23,0.018775510204081632
N06,N19,23,0.018775510204081632
N06,N21,23,0.018775510204081632
N06,N40,23,0.018775510204081632
N07,N15,23,0.018775510204081632
N07,N20,23,0.018775510204081632
N07,N22,23,0.018775510204081632
N07,N29,23,0.018775510204081632
N08,N13,23,0.018775510204081632
N08,N18,23,0.018775510204081632
N08,N19,23,0.018775510204081632
N08,N21,23,0.018775510204081632
N08,N31,23,0.018775510204081632
N10,N19,23,0.018775510204081632
N10,N38,23,0.018775510204081632
N12,N39,23,0.018775510204081632
N12,N43,23,0.018775510204081632
N13,N20,23,0.018775510204081632
N13,N39,23,0.018775510204081632
N14,N27,23,0.018775510204081632
N14,N30,23,0.018775510204081632
N14,N39,23,0.018775510204081632
N15,N23,23,0.018775510204081632
N16,N25,23,0.018775510204081632
N16,N31,23,0.018775510204081632
N16,N41,23,0.018775510204081632
N17,N39,23,0.018775510204081632
N18,N26,23,0.018775510204081632
N18,N30,23,0.018775510204081632
N19,N25,23,0.018775510204081632
N19,N42,23,0.018775510204081632
N19,N43,23,0.018775510204081632
N21,N25,23,0.018775510204081632
N21,N26,23,0.018775510204081632
N21,N36,23,0.018775510204081632
N21,N44,23,0.018775510204081632
N22,N37,23,0.018775510204081632
N26,N36,23,0.018775510204081632
N27,N29,23,0.018775510204081632
N27,N37,23,0.018775510204081632
N28,N30,23,0.018775510204081632
N28,N34,23,0.018775510204081632
N29,N44,23,0.018775510204081632
N30,N38,23,0.018775510204081632
N30,N39,23,0.018775510204081632
N30,N41,23,0.018775510204081632
N30,N43,23,0.018775510204081632
N30,N45,23,0.018775510204081632
N34,N45,23,0.018775510204081632
N35,N40,23,0.018775510204081632
N37,N45,23,0.018775510204081632
N38,N40,23,0.018775510204081632
N38,N45,23,0.018775510204081632
N39,N45,23,0.018775510204081632
N01,N13,22,0.017959183673469388
N01,N16,22,0.017959183673469388
N01,N17,22,0.017959183673469388
N01,N20,22,0.017959183673469388
N01,N27,22,0.017959183673469388
N01,N29,22,0.017959183673469388
N01,N35,22,0.017959183673469388
N02,N08,22,0.017959183673469388
N02,N11,22,0.017959183673469388
N02,N16,22,0.017959183673469388
N02,N17,22,0.017959183673469388
N02,N19,22,0.017959183673469388
N02,N28,22,0.017959183673469388
N02,N34,22,0.017959183673469388
N03,N04,22,0.017959183673469388
N03,N10,22,0.017959183673469388
N03,N42,22,0.017959183673469388
N04,N10,22,0.017959183673469388
N04,N16,22,0.017959183673469388
N04,N27,22,0.017959183673469388
N04,N37,22,0.017959183673469388
N06,N12,22,0.017959183673469388
N06,N14,22,0.017959183673469388
N06,N16,22,0.017959183673469388
N06,N22,22,0.017959183673469388
N07,N09,22,0.017959183673469388
N07,N40,22,0.017959183673469388
N08,N33,22,0.017959183673469388
N08,N36,22,0.017959183673469388
N09,N12,22,0.017959183673469388
N10,N14,22,0.017959183673469388
N10,N18,22,0.017959183673469388
N10,N35,22,0.017959183673469388
N10,N44,22,0.017959183673469388
N11,N37,22,0.017959183673469388
N12,N19,22,0.017959183673469388
N12,N20,22,0.017959183673469388
N12,N29,22,0.017959183673469388
N12,N41,22,0.017959183673469388
N12,N45,22,0.017959183673469388
N13,N29,22,0.017959183673469388
N13,N32,22,0.017959183673469388
N13,N38,22,0.017959183673469388
N14,N18,22,0.017959183673469388
N14,N21,22,0.017959183673469388
N14,N22,22,0.017959183673469388
N14,N36,22,0.017959183673469388
N14,N37,22,0.017959183673469388
N15,N24,22,0.017959183673469388
N15,N43,22,0.017959183673469388
N16,N23,22,0.017959183673469388
N17,N20,22,0.017959183673469388
N17,N31,22,0.017959183673469388
N18,N38,22,0.017959183673469388
N18,N42,22,0.017959183673469388
N20,N24,22,0.017959183673469388
N21,N27,22,0.017959183673469388
N21,N35,22,0.017959183673469388
N22,N34,22,0.017959183673469388
N24,N45,22,0.017959183673469388
N25,N33,22,0.017959183673469388
N26,N40,22,0.017959183673469388
N29,N34,22,0.017959183673469388
N29,N38,22,0.017959183673469388
N29,N40,22,0.017959183673469388
N30,N31,22,0.017959183673469388
N31,N43,22,0.017959183673469388
N32,N33,22,0.017959183673469388
N33,N35,22,0.017959183673469388
N33,N36,22,0.017959183673469388
N33,N44,22,0.017959183673469388
N39,N41,22,0.017959183673469388
N40,N41,22,0.017959183673469388
N41,N45,22,0.017959183673469388
N01,N04,21,0.017142857142857144
N01,N08,21,0.017142857142857144
N01,N09,21,0.017142857142857144
N01,N10,21,0.017142857142857144
N01,N26,21,0.017142857142857144
N03,N07,21,0.017142857142857144
N03,N11,21,0.017142857142857144
N03,N14,21,0.017142857142857144
N03,N15,21,0.017142857142857144
N03,N37,21,0.017142857142857144
N03,N45,21,0.017142857142857144
N04,N17,21,0.017142857142857144
N04,N45,21,0.017142857142857144
N05,N26,21,0.017142857142857144
N06,N39,21,0.017142857142857144
N07,N16,21,0.017142857142857144
N07,N26,21,0.017142857142857144
N09,N33,21,0.017142857142857144
N10,N37,21,0.017142857142857144
N11,N14,21,0.017142857142857144
N11,N28,21,0.017142857142857144
N12,N32,21,0.017142857142857144
N13,N34,21,0.017142857142857144
N13,N43,21,0.017142857142857144
N14,N31,21,0.017142857142857144
N14,N33,21,0.017142857142857144
N14,N45,21,0.017142857142857144
N15,N22,21,0.017142857142857144
N15,N25,21,0.017142857142857144
N16,N38,21,0.017142857142857144
N16,N40,21,0.017142857142857144
N16,N43,21,0.017142857142857144
N17,N19,21,0.017142857142857144
N17,N30,21,0.017142857142857144
N17,N34,21,0.017142857142857144
N17,N35,21,0.017142857142857144
N17,N44,21,0.017142857142857144
N18,N20,21,0.017142857142857144
N19,N28,21,0.017142857142857144
N21,N37,21,0.017142857142857144
N22,N38,21,0.017142857142857144
N23,N35,21,0.017142857142857144
N23,N43,21,0.017142857142857144
N23,N44,21,0.017142857142857144
N24,N30,21,0.017142857142857144
N24,N33,21,0.017142857142857144
N24,N40,21,0.017142857142857144
N25,N29,21,0.017142857142857144
N25,N37,21,0.017142857142857144
N26,N31,21,0.017142857142857144
N27,N42,21,0.017142857142857144
N27,N43,21,0.017142857142857144
N28,N42,21,0.017142857142857144
N28,N43,21,0.017142857142857144
N30,N35,21,0.017142857142857144
N31,N37,21,0.017142857142857144
N32,N45,21,0.017142857142857144
N33,N38,21,0.017142857142857144
N33,N45,21,0.017142857142857144
N36,N45,21,0.017142857142857144
N37,N43,21,0.017142857142857144
N38,N39,21,0.017142857142857144
N39,N43,21,0.017142857142857144
N40,N43,21,0.017142857142857144
N01,N18,20,0.0163265306122449
N01,N23,20,0.0163265306122449
N01,N24,20,0.0163265306122449
N01,N40,20,0.0163265306122449
N01,N41,20,0.0163265306122449
N01,N45,20,0.0163265306122449
N02,N06,20,0.0163265306122449
N02,N20,20,0.0163265306122449
N02,N27,20,0.0163265306122449
N02,N45,20,0.0163265306122449
N03,N33,20,0.0163265306122449
N03,N34,20,0.0163265306122449
N03,N38,20,0.0163265306122449
N04,N32,20,0.0163265306122449
N05,N06,20,0.0163265306122449
N05,N18,20,0.0163265306122449
N05,N39,20,0.0163265306122449
N05,N43,20,0.0163265306122449
N05,N45,20,0.0163265306122449
N06,N32,20,0.0163265306122449
N07,N27,20,0.0163265306122449
N07,N37,20,0.0163265306122449
N07,N42,20,0.0163265306122449
N08,N29,20,0.0163265306122449
N08,N38,20,0.0163265306122449
N08,N43,20,0.0163265306122449
N08,N44,20,0.0163265306122449
N10,N15,20,0.0163265306122449
N10,N24,20,0.0163265306122449
N10,N33,20,0.0163265306122449
N10,N36,20,0.0163265306122449
N11,N13,20,0.0163265306122449
N11,N15,20,0.0163265306122449
N11,N16,20,0.0163265306122449
N11,N18,20,0.0163265306122449
N12,N13,20,0.0163265306122449
N12,N14,20,0.0163265306122449
N12,N38,20,0.0163265306122449
N13,N14,20,0.0163265306122449
N13,N15,20,0.0163265306122449
N13,N21,20,0.0163265306122449
N13,N25,20,0.0163265306122449
N13,N31,20,0.0163265306122449
N13,N36,20,0.0163265306122449
N13,N40,20,0.0163265306122449
N14,N32,20,0.0163265306122449
N14,N35,20,0.0163265306122449
N14,N38,20,0.0163265306122449
N15,N37,20,0.0163265306122449
N15,N45,20,0.0163265306122449
N16,N20,20,0.0163265306122449
N16,N28,20,0.0163265306122449
N16,N29,20,0.0163265306122449
N16,N44,20,0.0163265306122449
N18,N43,20,0.0163265306122449
N19,N23,20,0.0163265306122449
N19,N27,20,0.0163265306122449
N19,N41,20,0.0163265306122449
N20,N23,20,0.0163265306122449
N20,N26,20,0.0163265306122449
N20,N36,20,0.0163265306122449
N20,N41,20,0.0163265306122449
N21,N30,20,0.0163265306122449
N21,N32,20,0.0163265306122449
N23,N34,20,0.0163265306122449
N23,N45,20,0.0163265306122449
N24,N35,20,0.0163265306122449
N26,N34,20,0.0163265306122449
N26,N35,20,0.0163265306122449
N26,N38,20,0.0163265306122449
N26,N42,20,0.0163265306122449
N27,N39,20,0.0163265306122449
N28,N40,20,0.0163265306122449
N30,N37,20,0.0163265306122449
N34,N35,20,0.0163265306122449
N34,N39,20,0.0163265306122449
N34,N41,20,0.0163265306122449
N35,N39,20,0.0163265306122449
N36,N37,20,0.0163265306122449
N37,N39,20,0.0163265306122449
N39,N44,20,0.0163265306122449
N01,N21,19,0.015510204081632653
N01,N37,19,0.015510204081632653
N02,N04,19,0.015510204081632653
N02,N39,19,0.015510204081632653
N03,N08,19,0.015510204081632653
N03,N23,19,0.015510204081632653
N03,N31,19,0.015510204081632653
N03,N36,19,0.015510204081632653
N03,N43,19,0.015510204081632653
N04,N08,19,0.015510204081632653
N04,N11,19,0.015510204081632653
N04,N12,19,0.015510204081632653
N04,N18,19,0.015510204081632653
N04,N23,19,0.015510204081632653
N04,N25,19,0.015510204081632653
N04,N34,19,0.015510204081632653
N05,N21,19,0.015510204081632653
N05,N42,19,0.015510204081632653
N06,N30,19,0.015510204081632653
N06,N31,19,0.015510204081632653
N06,N34,19,0.015510204081632653
N07,N11,19,0.015510204081632653
N07,N13,19,0.015510204081632653
N07,N39,19,0.015510204081632653
N08,N30,19,0.015510204081632653
N10,N13,19,0.015510204081632653
N10,N20,19,0.015510204081632653
N10,N27,19,0.015510204081632653
N10,N29,19,0.015510204081632653
N11,N12,19,0.015510204081632653
N11,N24,19,0.015510204081632653
N11,N27,19,0.015510204081632653
N11,N32,19,0.015510204081632653
N11,N35,19,0.015510204081632653
N11,N36,19,0.015510204081632653
N12,N18,19,0.015510204081632653
N13,N24,19,0.015510204081632653
N13,N26,19,0.015510204081632653
N14,N23,19,0.015510204081632653
N15,N20,19,0.015510204081632653
N15,N26,19,0.015510204081632653
N15,N40,19,0.015510204081632653
N15,N42,19,0.015510204081632653
N16,N33,19,0.015510204081632653
N16,N37,19,0.015510204081632653
N17,N21,19,0.015510204081632653
N17,N28,19,0.015510204081632653
N17,N33,19,0.015510204081632653
N17,N43,19,0.015510204081632653
N18,N24,19,0.015510204081632653
N18,N27,19,0.015510204081632653
N18,N37,19,0.015510204081632653
N18,N44,19,0.015510204081632653
N19,N24,19,0.015510204081632653
N19,N26,19,0.015510204081632653
N20,N30,19,0.015510204081632653
N21,N33,19,0.015510204081632653
N21,N39,19,0.015510204081632653
N21,N45,19,0.015510204081632653
N22,N31,19,0.015510204081632653
N22,N36,19,0.015510204081632653
N24,N32,19,0.015510204081632653
N24,N34,19,0.015510204081632653
N24,N37,19,0.015510204081632653
N25,N34,19,0.015510204081632653
N26,N29,19,0.015510204081632653
N26,N33,19,0.015510204081632653
N26,N37,19,0.015510204081632653
N27,N28,19,0.015510204081632653
N27,N44,19,0.015510204081632653
N28,N45,19,0.015510204081632653
N31,N33,19,0.015510204081632653
N32,N40,19,0.015510204081632653
N33,N41,19,0.015510204081632653
N33,N42,19,0.015510204081632653
N34,N40,19,0.015510204081632653
N34,N43,19,0.015510204081632653
N35,N36,19,0.015510204081632653
N35,N45,19,0.015510204081632653
N37,N41,19,0.015510204081632653
N40,N44,19,0.015510204081632653
N41,N44,19,0.015510204081632653
N42,N43,19,0.015510204081632653
N43,N45,19,0.015510204081632653
N01,N05,18,0.014693877551020407
N01,N11,18,0.014693877551020407
N01,N38,18,0.014693877551020407
N02,N12,18,0.014693877551020407
N02,N22,18,0.014693877551020407
N02,N37,18,0.014693877551020407
N02,N44,18,0.014693877551020407
N03,N16,18,0.014693877551020407
N03,N17,18,0.014693877551020407
N03,N30,18,0.014693877551020407
N03,N35,18,0.014693877551020407
N03,N44,18,0.014693877551020407
N04,N05,18,0.014693877551020407
N04,N09,18,0.014693877551020407
N04,N15,18,0.014693877551020407
N04,N19,18,0.014693877551020407
N04,N29,18,0.014693877551020407
N04,N41,18,0.014693877551020407
N04,N43,18,0.014693877551020407
N05,N17,18,0.014693877551020407
N05,N22,18,0.014693877551020407
N05,N25,18,0.014693877551020407
N06,N10,18,0.014693877551020407
N06,N24,18,0.014693877551020407
N06,N41,18,0.014693877551020407
N07,N17,18,0.014693877551020407
N07,N34,18,0.014693877551020407
N07,N35,18,0.014693877551020407
N07,N41,18,0.014693877551020407
N07,N44,18,0.014693877551020407
N07,N45,18,0.014693877551020407
N08,N15,18,0.014693877551020407
N08,N25,18,0.014693877551020407
N08,N35,18,0.014693877551020407
N09,N27,18,0.014693877551020407
N09,N28,18,0.014693877551020407
N09,N35,18,0.014693877551020407
N09,N38,18,0.014693877551020407
N10,N28,18,0.014693877551020407
N10,N32,18,0.014693877551020407
N11,N31,18,0.014693877551020407
N11,N41,18,0.014693877551020407
N11,N45,18,0.014693877551020407
N12,N21,18,0.014693877551020407
N12,N31,18,0.014693877551020407
N13,N19,18,0.014693877551020407
N13,N41,18,0.014693877551020407
N14,N20,18,0.014693877551020407
N14,N25,18,0.014693877551020407
N14,N44,18,0.014693877551020407
N15,N17,18,0.014693877551020407
N15,N27,18,0.014693877551020407
N15,N28,18,0.014693877551020407
N15,N41,18,0.014693877551020407
N15,N44,18,0.014693877551020407
N16,N17,18,0.014693877551020407
N16,N26,18,0.014693877551020407
N16,N27,18,0.014693877551020407
N16,N39,18,0.014693877551020407
N17,N24,18,0.014693877551020407
N17,N26,18,0.014693877551020407
N17,N29,18,0.014693877551020407
N17,N37,18,0.014693877551020407
N18,N29,18,0.014693877551020407
N18,N35,18,0.014693877551020407
N19,N32,18,0.014693877551020407
N19,N40,18,0.014693877551020407
N20,N27,18,0.014693877551020407
N20,N28,18,0.014693877551020407
N20,N31,18,0.014693877551020407
N20,N40,18,0.014693877551020407
N20,N43,18,0.014693877551020407
N21,N41,18,0.014693877551020407
N21,N43,18,0.014693877551020407
N22,N28,18,0.014693877551020407
N23,N25,18,0.014693877551020407
N23,N29,18,0.014693877551020407
N23,N38,18,0.014693877551020407
N23,N39,18,0.014693877551020407
N23,N40,18,0.014693877551020407
N24,N36,18,0.014693877551020407
N24,N38,18,0.014693877551020407
N24,N39,18,0.014693877551020407
N24,N42,18,0.014693877551020407
N25,N27,18,0.014693877551020407
N25,N28,18,0.014693877551020407
N25,N31,18,0.014693877551020407
N25,N38,18,0.014693877551020407
N25,N43,18,0.014693877551020407
N26,N28,18,0.014693877551020407
N26,N30,18,0.014693877551020407
N26,N44,18,0.014693877551020407
N27,N30,18,0.014693877551020407
N28,N36,18,0.014693877551020407
N29,N31,18,0.014693877551020407
N29,N39,18,0.014693877551020407
N29,N43,18,0.014693877551020407
N29,N45,18,0.014693877551020407
N32,N34,18,0.014693877551020407
N32,N42,18,0.014693877551020407
N33,N34,18,0.014693877551020407
N34,N36,18,0.014693877551020407
N34,N38,18,0.014693877551020407
N35,N38,18,0.014693877551020407
N35,N44,18,0.014693877551020407
N36,N44,18,0.014693877551020407
N38,N43,18,0.014693877551020407
N38,N44,18,0.014693877551020407
N41,N43,18,0.014693877551020407
N01,N15,17,0.013877551020408163
N01,N39,17,0.013877551020408163
N01,N43,17,0.013877551020408163
N02,N13,17,0.013877551020408163
N02,N24,17,0.013877551020408163
N02,N31,17,0.013877551020408163
N02,N42,17,0.013877551020408163
N02,N43,17,0.013877551020408163
N03,N06,17,0.013877551020408163
N03,N39,17,0.013877551020408163
N03,N41,17,0.013877551020408163
N04,N14,17,0.013877551020408163
N04,N28,17,0.013877551020408163
N04,N31,17,0.013877551020408163
N04,N42,17,0.013877551020408163
N05,N29,17,0.013877551020408163
N05,N30,17,0.013877551020408163
N05,N37,17,0.013877551020408163
N05,N44,17,0.013877551020408163
N06,N15,17,0.013877551020408163
N06,N35,17,0.013877551020408163
N06,N36,17,0.013877551020408163
N06,N43,17,0.013877551020408163
N07,N23,17,0.013877551020408163
N08,N14,17,0.013877551020408163
N08,N34,17,0.013877551020408163
N08,N42,17,0.013877551020408163
N09,N17,17,0.013877551020408163
N09,N18,17,0.013877551020408163
N09,N24,17,0.013877551020408163
N09,N37,17,0.013877551020408163
N10,N11,17,0.013877551020408163
N10,N34,17,0.013877551020408163
N10,N41,17,0.013877551020408163
N11,N29,17,0.013877551020408163
N11,N38,17,0.013877551020408163
N12,N23,17,0.013877551020408163
N12,N27,17,0.013877551020408163
N12,N30,17,0.013877551020408163
N12,N44,17,0.013877551020408163
N13,N17,17,0.013877551020408163
N13,N42,17,0.013877551020408163
N13,N44,17,0.013877551020408163
N14,N16,17,0.013877551020408163
N14,N19,17,0.013877551020408163
N14,N34,17,0.013877551020408163
N14,N42,17,0.013877551020408163
N14,N43,17,0.013877551020408163
N15,N33,17,0.013877551020408163
N15,N36,17,0.013877551020408163
N16,N18,17,0.013877551020408163
N16,N21,17,0.013877551020408163
N16,N34,17,0.013877551020408163
N16,N42,17,0.013877551020408163
N16,N45,17,0.013877551020408163
N17,N23,17,0.013877551020408163
N17,N32,17,0.013877551020408163
N17,N40,17,0.013877551020408163
N18,N40,17,0.013877551020408163
N19,N20,17,0.013877551020408163
N19,N33,17,0.013877551020408163
N19,N39,17,0.013877551020408163
N19,N44,17,0.013877551020408163
N20,N25,17,0.013877551020408163
N20,N32,17,0.013877551020408163
N20,N34,17,0.013877551020408163
N20,N42,17,0.013877551020408163
N20,N45,17,0.013877551020408163
N21,N22,17,0.013877551020408163
N21,N31,17,0.013877551020408163
N22,N24,17,0.013877551020408163
N22,N25,17,0.013877551020408163
N22,N40,17,0.013877551020408163
N22,N44,17,0.013877551020408163
N23,N24,17,0.013877551020408163
N23,N28,17,0.013877551020408163
N23,N36,17,0.013877551020408163
N23,N42,17,0.013877551020408163
N25,N35,17,0.013877551020408163
N25,N40,17,0.013877551020408163
N25,N44,17,0.013877551020408163
N25,N45,17,0.013877551020408163
N26,N41,17,0.013877551020408163
N27,N31,17,0.013877551020408163
N27,N33,17,0.013877551020408163
N28,N38,17,0.013877551020408163
N28,N39,17,0.013877551020408163
N31,N36,17,0.013877551020408163
N31,N41,17,0.013877551020408163
N31,N45,17,0.013877551020408163
N32,N36,17,0.013877551020408163
N36,N38,17,0.013877551020408163
N36,N41,17,0.013877551020408163
N40,N45,17,0.013877551020408163
N41,N42,17,0.013877551020408163
N43,N44,17,0.013877551020408163
N01,N06,16,0.013061224489795919
N01,N14,16,0.013061224489795919
N01,N36,16,0.013061224489795919
N02,N03,16,0.013061224489795919
N02,N26,16,0.013061224489795919
N02,N29,16,0.013061224489795919
N02,N30,16,0.013061224489795919
N03,N09,16,0.013061224489795919
N03,N18,16,0.013061224489795919
N03,N19,16,0.013061224489795919
N03,N40,16,0.013061224489795919
N04,N22,16,0.013061224489795919
N05,N07,16,0.013061224489795919
N05,N09,16,0.013061224489795919
N05,N31,16,0.013061224489795919
N05,N32,16,0.013061224489795919
N06,N20,16,0.013061224489795919
N06,N27,16,0.013061224489795919
N07,N25,16,0.013061224489795919
N07,N28,16,0.013061224489795919
N07,N43,16,0.013061224489795919
N08,N28,16,0.013061224489795919
N08,N32,16,0.013061224489795919
N08,N37,16,0.013061224489795919
N09,N10,16,0.013061224489795919
N09,N21,16,0.013061224489795919
N09,N25,16,0.013061224489795919
N09,N29,16,0.013061224489795919
N09,N39,16,0.013061224489795919
N10,N12,16,0.013061224489795919
N10,N42,16,0.013061224489795919
N11,N33,16,0.013061224489795919
N12,N25,16,0.013061224489795919
N12,N28,16,0.013061224489795919
N12,N36,16,0.013061224489795919
N13,N16,16,0.013061224489795919
N13,N27,16,0.013061224489795919
N13,N35,16,0.013061224489795919
N14,N17,16,0.013061224489795919
N14,N28,16,0.013061224489795919
N15,N16,16,0.013061224489795919
N15,N30,16,0.013061224489795919
N15,N35,16,0.013061224489795919
N15,N39,16,0.013061224489795919
N16,N35,16,0.013061224489795919
N17,N25,16,0.013061224489795919
N17,N38,16,0.013061224489795919
N18,N19,16,0.013061224489795919
N18,N28,16,0.013061224489795919
N19,N30,16,0.013061224489795919
N19,N31,16,0.013061224489795919
N19,N35,16,0.013061224489795919
N19,N38,16,0.013061224489795919
N20,N37,16,0.013061224489795919
N20,N39,16,0.013061224489795919
N21,N29,16,0.013061224489795919
N21,N38,16,0.013061224489795919
N22,N26,16,0.013061224489795919
N22,N32,16,0.013061224489795919
N22,N42,16,0.013061224489795919
N23,N27,16,0.013061224489795919
N23,N31,16,0.013061224489795919
N24,N29,16,0.013061224489795919
N24,N41,16,0.013061224489795919
N26,N39,16,0.013061224489795919
N27,N34,16,0.013061224489795919
N27,N41,16,0.013061224489795919
N28,N37,16,0.013061224489795919
N28,N41,16,0.013061224489795919
N29,N35,16,0.013061224489795919
N29,N42,16,0.013061224489795919
N30,N36,16,0.013061224489795919
N30,N44,16,0.013061224489795919
N32,N37,16,0.013061224489795919
N33,N39,16,0.013061224489795919
N36,N42,16,0.013061224489795919
N39,N40,16,0.013061224489795919
N01,N19,15,0.012244897959183673
N02,N05,15,0.012244897959183673
N02,N14,15,0.012244897959183673
N02,N32,15,0.012244897959183673
N04,N13,15,0.012244897959183673
N04,N24,15,0.012244897959183673
N04,N38,15,0.012244897959183673
N04,N39,15,0.012244897959183673
N05,N16,15,0.012244897959183673
N05,N35,15,0.012244897959183673
N06,N26,15,0.012244897959183673
N06,N44,15,0.012244897959183673
N07,N08,15,0.012244897959183673
N07,N10,15,0.012244897959183673
N07,N30,15,0.012244897959183673
N08,N16,15,0.012244897959183673
N08,N23,15,0.012244897959183673
N08,N41,15,0.012244897959183673
N09,N11,15,0.012244897959183673
N09,N26,15,0.012244897959183673
N09,N30,15,0.012244897959183673
N09,N34,15,0.012244897959183673
N09,N36,15,0.012244897959183673
N09,N40,15,0.012244897959183673
N09,N41,15,0.012244897959183673
N10,N23,15,0.012244897959183673
N10,N25,15,0.012244897959183673
N10,N43,15,0.012244897959183673
N11,N19,15,0.012244897959183673
N11,N20,15,0.012244897959183673
N11,N30,15,0.012244897959183673
N11,N43,15,0.012244897959183673
N12,N17,15,0.012244897959183673
N12,N35,15,0.012244897959183673
N12,N37,15,0.012244897959183673
N13,N22,15,0.012244897959183673
N15,N29,15,0.012244897959183673
N16,N30,15,0.012244897959183673
N17,N22,15,0.012244897959183673
N17,N42,15,0.012244897959183673
N18,N33,15,0.012244897959183673
N19,N22,15,0.012244897959183673
N19,N36,15,0.012244897959183673
N20,N29,15,0.012244897959183673
N20,N38,15,0.012244897959183673
N21,N40,15,0.012244897959183673
N22,N27,15,0.012244897959183673
N22,N35,15,0.012244897959183673
N23,N26,15,0.012244897959183673
N23,N37,15,0.012244897959183673
N25,N26,15,0.012244897959183673
N25,N39,15,0.012244897959183673
N26,N45,15,0.012244897959183673
N29,N37,15,0.012244897959183673
N30,N40,15,0.012244897959183673
N30,N42,15,0.012244897959183673
N31,N35,15,0.012244897959183673
N31,N39,15,0.012244897959183673
N36,N40,15,0.012244897959183673
N38,N41,15,0.012244897959183673
N38,N42,15,0.012244897959183673
N40,N42,15,0.012244897959183673
N42,N44,15,0.012244897959183673
N01,N07,14,0.011428571428571429
N01,N32,14,0.011428571428571429
N01,N33,14,0.011428571428571429
N01,N44,14,0.011428571428571429
N02,N07,14,0.011428571428571429
N02,N41,14,0.011428571428571429
N03,N26,14,0.011428571428571429
N03,N29,14,0.011428571428571429
N04,N06,14,0.011428571428571429
N04,N35,14,0.011428571428571429
N05,N23,14,0.011428571428571429
N05,N28,14,0.011428571428571429
N05,N41,14,0.011428571428571429
N06,N25,14,0.011428571428571429
N06,N42,14,0.011428571428571429
N07,N31,14,0.011428571428571429
N08,N11,14,0.011428571428571429
N08,N20,14,0.011428571428571429
N08,N24,14,0.011428571428571429
N08,N40,14,0.011428571428571429
N09,N13,14,0.011428571428571429
N09,N15,14,0.011428571428571429
N09,N16,14,0.011428571428571429
N09,N19,14,0.011428571428571429
N09,N23,14,0.011428571428571429
N09,N43,14,0.011428571428571429
N10,N39,14,0.011428571428571429
N11,N22,14,0.011428571428571429
N11,N25,14,0.011428571428571429
N12,N16,14,0.011428571428571429
N13,N23,14,0.011428571428571429
N14,N24,14,0.011428571428571429
N14,N29,14,0.011428571428571429
N18,N22,14,0.011428571428571429
N18,N36,14,0.011428571428571429
N20,N21,14,0.011428571428571429
N20,N22,14,0.011428571428571429
N21,N24,14,0.011428571428571429
N22,N33,14,0.011428571428571429
N23,N30,14,0.011428571428571429
N24,N31,14,0.011428571428571429
N25,N32,14,0.011428571428571429
N28,N44,14,0.011428571428571429
N29,N36,14,0.011428571428571429
N30,N32,14,0.011428571428571429
N31,N42,14,0.011428571428571429
N32,N38,14,0.011428571428571429
N32,N39,14,0.011428571428571429
N32,N41,14,0.011428571428571429
N33,N43,14,0.011428571428571429
N34,N37,14,0.011428571428571429
N35,N42,14,0.011428571428571429
N37,N42,14,0.011428571428571429
N44,N45,14,0.011428571428571429
N01,N25,13,0.010612244897959184
N02,N18,13,0.010612244897959184
N02,N21,13,0.010612244897959184
N02,N36,13,0.010612244897959184
N02,N38,13,0.010612244897959184
N02,N40,13,0.010612244897959184
N04,N07,13,0.010612244897959184
N05,N08,13,0.010612244897959184
N05,N15,13,0.010612244897959184
N05,N19,13,0.010612244897959184
N05,N24,13,0.010612244897959184
N07,N21,13,0.010612244897959184
N08,N10,13,0.010612244897959184
N09,N14,13,0.010612244897959184
N09,N42,13,0.010612244897959184
N09,N44,13,0.010612244897959184
N09,N45,13,0.010612244897959184
N10,N17,13,0.010612244897959184
N10,N30,13,0.010612244897959184
N11,N23,13,0.010612244897959184
N11,N42,13,0.010612244897959184
N12,N22,13,0.010612244897959184
N13,N30,13,0.010612244897959184
N14,N41,13,0.010612244897959184
N15,N31,13,0.010612244897959184
N15,N38,13,0.010612244897959184
N16,N32,13,0.010612244897959184
N17,N41,13,0.010612244897959184
N18,N25,13,0.010612244897959184
N19,N37,13,0.010612244897959184
N21,N42,13,0.010612244897959184
N22,N30,13,0.010612244897959184
N22,N39,13,0.010612244897959184
N22,N43,13,0.010612244897959184
N24,N25,13,0.010612244897959184
N24,N26,13,0.010612244897959184
N27,N32,13,0.010612244897959184
N28,N29,13,0.010612244897959184
N29,N32,13,0.010612244897959184
N32,N44,13,0.010612244897959184
N36,N43,13,0.010612244897959184
N01,N30,12,0.009795918367346938
N01,N31,12,0.009795918367346938
N02,N09,12,0.009795918367346938
N02,N10,12,0.009795918367346938
N03,N05,12,0.009795918367346938
N03,N21,12,0.009795918367346938
N03,N28,12,0.009795918367346938
N04,N36,12,0.009795918367346938
N04,N44,12,0.009795918367346938
N05,N33,12,0.009795918367346938
N05,N36,12,0.009795918367346938
N05,N38,12,0.009795918367346938
N05,N40,12,0.009795918367346938
N06,N08,12,0.009795918367346938
N06,N09,12,0.009795918367346938
N06,N45,12,0.009795918367346938
N07,N14,12,0.009795918367346938
N08,N22,12,0.009795918367346938
N09,N31,12,0.009795918367346938
N10,N21,12,0.009795918367346938
N10,N45,12,0.009795918367346938
N15,N18,12,0.009795918367346938
N15,N32,12,0.009795918367346938
N18,N41,12,0.009795918367346938
N21,N23,12,0.009795918367346938
N22,N23,12,0.009795918367346938
N22,N29,12,0.009795918367346938
N22,N41,12,0.009795918367346938
N25,N41,12,0.009795918367346938
N25,N42,12,0.009795918367346938
N28,N31,12,0.009795918367346938
N28,N32,12,0.009795918367346938
N32,N35,12,0.009795918367346938
N32,N43,12,0.009795918367346938
N39,N42,12,0.009795918367346938
N02,N23,11,0.008979591836734694
N02,N35,11,0.008979591836734694
N04,N21,11,0.008979591836734694
N05,N10,11,0.008979591836734694
N09,N22,11,0.008979591836734694
N09,N32,11,0.008979591836734694
N10,N26,11,0.008979591836734694
N21,N28,11,0.008979591836734694
N22,N45,11,0.008979591836734694
N23,N32,11,0.008979591836734694
N23,N33,11,0.008979591836734694
N25,N30,11,0.008979591836734694
N28,N33,11,0.008979591836734694
N28,N35,11,0.008979591836734694
N29,N41,11,0.008979591836734694
N35,N41,11,0.008979591836734694
N06,N23,10,0.00816326530612245
N06,N29,10,0.00816326530612245
N07,N32,10,0.00816326530612245
N08,N09,10,0.00816326530612245
N09,N20,10,0.00816326530612245
N11,N34,10,0.00816326530612245
N16,N22,10,0.00816326530612245
N19,N29,10,0.00816326530612245
N24,N28,10,0.00816326530612245
N29,N30,10,0.00816326530612245
N37,N44,10,0.00816326530612245
N01,N22,9,0.007346938775510204
N03,N25,9,0.007346938775510204
N04,N30,9,0.007346938775510204
N06,N33,9,0.007346938775510204
N11,N40,9,0.007346938775510204
N23,N41,9,0.007346938775510204
N08,N26,8,0.006530612244897959
N24,N43,8,0.006530612244897959
N26,N32,8,0.006530612244897959
N08,N12,7,0.005714285714285714
