번호,게시글 번호,작성자,본문 내용,댓글,좋아요 수,해쉬태그
1,1,ragazzodimilano_official,"RDM MAGAZINE #119 ""이탈리아 하이엔드의 정점, 로로피아나 vs 쿠치넬리"" #loropiana #brunellocucinelli 남성 하이엔드 브랜드를 이야기할 때 늘 빠지지 않고 언급되는 두 이름, 로로피아나와 브루넬로 쿠치넬리. 한쪽은 '조용한 기술의 미학', 다른 한쪽은 '절제된 감성의 우아함'을 대표합니다. 굳이 둘을 비교하는 이유는 단순한 취향의 문제가 아니라, 지금 남성 럭셔리가 어떤 방향으로 흘러가고 있는지를 보여주는 두 개의 뚜렷한 기준이기 때문이죠. 로로피아나는 원단부터 직접 만드는 브랜드입니다. 입는 순간보다 벗은 후가 더 인상 깊은 옷, 가볍고 통기성 좋은 니트 한 장에도 기술과 완성도가 고스란히 담겨 있죠. 요즘 편집숍에선 좀처럼 보기 어려운 이유도 직접 유통을 고집하며 ‘희소성’을 높였기 때문입니다. 쉽게 살 수 없는 옷이 오히려 더 매력적으로 다가오는 요즘, 그런 조용한 사치를 상징합니다. 반면 쿠치넬리는 감성과 사람 중심의 브랜드입니다. 절제된 컬러, 여유 있는 실루엣, 그리고 유행에 휘둘리지 않는 태도. '누가 입느냐'에 따라 완성되는 품격이죠. 게다가 세일 없는 정책 역시 철학의 일환. 가치는 시간이 지나도 변하지 않는다는 브랜드의 믿음을 고스란히 보여줍니다. 기술의 정제미 vs 감성의 절제미, 지금 당신은 어느 쪽이 더 끌리시나요? 이탈리아 럭셔리의 두 축, 지금 밀라노청년에서 경험해보세요. www.ragazzodimilano.com #밀라노청년 #편집샵 #남성복 #명품 #로로피아나 #브루넬로쿠치넬리",댓글 없음,여러 명,#119 #loropiana #brunellocucinelli #밀라노청년 #편집샵 #남성복 #명품 #로로피아나 #브루넬로쿠치넬리
2,2,chicmentmag,"베이지 덕후 시크먼트 회원님의 로로피아나 언박싱 후기 🩰 - 📝sangcom 시크님 몇 년간 로로피아나 썸머참워크 샌드스톤 36사이즈를 찾아 워크인했는데, 드디어 손에 넣었어요! 로로 지나갈 때마다 슬쩍 물어봤었는데, 마침 재고가 있다고 해서 후다닥 신어보았습니닷! 😆 착화감이 정말 대박!! 베이지 톤을 좋아하는 저에게 샌드스톤 컬러는 취향 저격이고, 깔끔한 디자인이 어떤 옷에도 잘 어울려서 만족도가 100%예요. 평소 235 사이즈를 신는데 36이 딱 맞았어요. 다만, 스웨이드 재질이라 물에 취약하고, 수명이 짧을 것 같다는 점, 그리고 밑창 변색 이슈가 있다는 점은 좀 아쉬워요. 스웨이드만 아니면 색깔별로 다 쟁이고 싶을 정도인데… 혹시 누가 밟으면 어떻게 닦아야 할지… 물티슈는 안된다던데….ㅎㅎ 미리 걱정해 봅니다. 🤣 📸 @mood.seol #로로피아나 #썸머워크 #썸머참워크 #샌드스톤 #loropiana",댓글 없음,129,#로로피아나 #썸머워크 #썸머참워크 #샌드스톤 #loropiana
3,3,2_jun_hee_99,3년 고민하다 드디어 사네 사려고 한건 아닌데 신다보니 신발에서 우두둑 소리나서 급하게 인수… #로로피아나,펜디가 아니라 팬다 아냐?,103,#로로피아나
4,3,2_jun_hee_99,3년 고민하다 드디어 사네 사려고 한건 아닌데 신다보니 신발에서 우두둑 소리나서 급하게 인수… #로로피아나,중국부자 같고 좋고만,103,#로로피아나
5,3,2_jun_hee_99,3년 고민하다 드디어 사네 사려고 한건 아닌데 신다보니 신발에서 우두둑 소리나서 급하게 인수… #로로피아나,제법이네,103,#로로피아나
6,3,2_jun_hee_99,3년 고민하다 드디어 사네 사려고 한건 아닌데 신다보니 신발에서 우두둑 소리나서 급하게 인수… #로로피아나,요즘은 그래도 오물풍선 안 날리네요 형,103,#로로피아나
7,4,kobylka.katarzyna2004,로로피아나로퍼 로로피아나 로로피아나썸머워크 로로피아나썸머워크로퍼 로로피아나남성로퍼 로로피아나남자로퍼,남성 로퍼 이런 게 진짜지,502,#로로피아나로퍼 #로로피아나 #로로피아나썸머워크 #로로피아나썸머워크로퍼 #로로피아나남성로퍼 #로로피아나남자로퍼
8,4,kobylka.katarzyna2004,로로피아나로퍼 로로피아나 로로피아나썸머워크 로로피아나썸머워크로퍼 로로피아나남성로퍼 로로피아나남자로퍼,썸머워크 라인 너무 깔끔해,502,#로로피아나로퍼 #로로피아나 #로로피아나썸머워크 #로로피아나썸머워크로퍼 #로로피아나남성로퍼 #로로피아나남자로퍼
9,4,kobylka.katarzyna2004,로로피아나로퍼 로로피아나 로로피아나썸머워크 로로피아나썸머워크로퍼 로로피아나남성로퍼 로로피아나남자로퍼,발 편할 것 같아서 좋다,502,#로로피아나로퍼 #로로피아나 #로로피아나썸머워크 #로로피아나썸머워크로퍼 #로로피아나남성로퍼 #로로피아나남자로퍼
10,4,kobylka.katarzyna2004,로로피아나로퍼 로로피아나 로로피아나썸머워크 로로피아나썸머워크로퍼 로로피아나남성로퍼 로로피아나남자로퍼,#로로피아나로퍼 #로로피아나 #로로피아나썸머워크 #로로피아나썸머워크로퍼 #로로피아나남성로퍼 #로로피아나남자로퍼,502,#로로피아나로퍼 #로로피아나 #로로피아나썸머워크 #로로피아나썸머워크로퍼 #로로피아나남성로퍼 #로로피아나남자로퍼
11,5,__eli.and.me,현지시장조사 중에 들린 로로피아나 1등매장🖤 역시 1등 매장답게 입틀막 퀄리티에 반하고 디자인도 예쁜데 편안한 착화감에 또 한번 반하고 😻 실제 몇년째 거래하고 있는 매장인데 완벽한 싱크로율을 이번에도 직접 눈으로 확인하니 뿌듯한 마음이 큽니다:) ☺️ #로로피아나 #로로피아나썸머워크,댓글 없음,7,#로로피아나 #로로피아나썸머워크
12,6,jjonghee_lee,내 로로피아나.. 청바지 입고 로로피아나 신지 않는걸로 해요. 세탁샵 아시는분 연결 좀 부탁드려요. #로로피아나 #로로피아나세탁,@hyun_3041 나 아껴신는데 이거만 신으면 다미가 내 발을 막 밟아,3274,#로로피아나 #로로피아나세탁
13,6,jjonghee_lee,내 로로피아나.. 청바지 입고 로로피아나 신지 않는걸로 해요. 세탁샵 아시는분 연결 좀 부탁드려요. #로로피아나 #로로피아나세탁,그냥 ㅁㅊㄴ,3274,#로로피아나 #로로피아나세탁
14,6,jjonghee_lee,내 로로피아나.. 청바지 입고 로로피아나 신지 않는걸로 해요. 세탁샵 아시는분 연결 좀 부탁드려요. #로로피아나 #로로피아나세탁,저도 스웨이드 신발 이염되서 누벅지우개로 열심히 닦았어여 ㅠ,3274,#로로피아나 #로로피아나세탁
15,6,jjonghee_lee,내 로로피아나.. 청바지 입고 로로피아나 신지 않는걸로 해요. 세탁샵 아시는분 연결 좀 부탁드려요. #로로피아나 #로로피아나세탁,에이 안버릴꺼면서 😂😂😂😂,3274,#로로피아나 #로로피아나세탁
16,6,jjonghee_lee,내 로로피아나.. 청바지 입고 로로피아나 신지 않는걸로 해요. 세탁샵 아시는분 연결 좀 부탁드려요. #로로피아나 #로로피아나세탁,명품 신발 세탁은 패피스 🔥 영상 잘보고 갑니다~~,3274,#로로피아나 #로로피아나세탁
17,6,jjonghee_lee,내 로로피아나.. 청바지 입고 로로피아나 신지 않는걸로 해요. 세탁샵 아시는분 연결 좀 부탁드려요. #로로피아나 #로로피아나세탁,명품초보들이 신발 비싼거신는다. 이미 다해본사람들 절대 신발에 헛짓거리안하지 ㅎ,3274,#로로피아나 #로로피아나세탁
18,6,jjonghee_lee,내 로로피아나.. 청바지 입고 로로피아나 신지 않는걸로 해요. 세탁샵 아시는분 연결 좀 부탁드려요. #로로피아나 #로로피아나세탁,걍 관심없음 누르면 됨,3274,#로로피아나 #로로피아나세탁
19,6,jjonghee_lee,내 로로피아나.. 청바지 입고 로로피아나 신지 않는걸로 해요. 세탁샵 아시는분 연결 좀 부탁드려요. #로로피아나 #로로피아나세탁,누가보면 신발 걸레짝 된줄 알겠네 너 저신발 밖에 없어서 저거없으면 크록스 아니냐? 영상 찍자마자 바로 세탁소 달려갈년이ㅋㅋㅋ,3274,#로로피아나 #로로피아나세탁
20,6,jjonghee_lee,내 로로피아나.. 청바지 입고 로로피아나 신지 않는걸로 해요. 세탁샵 아시는분 연결 좀 부탁드려요. #로로피아나 #로로피아나세탁,홍명보 라볼피아나는 들어봄,3274,#로로피아나 #로로피아나세탁
21,6,jjonghee_lee,내 로로피아나.. 청바지 입고 로로피아나 신지 않는걸로 해요. 세탁샵 아시는분 연결 좀 부탁드려요. #로로피아나 #로로피아나세탁,뒤졌는데 어쩌라는겨,3274,#로로피아나 #로로피아나세탁
22,6,jjonghee_lee,내 로로피아나.. 청바지 입고 로로피아나 신지 않는걸로 해요. 세탁샵 아시는분 연결 좀 부탁드려요. #로로피아나 #로로피아나세탁,계속 신는다👏👏👏,3274,#로로피아나 #로로피아나세탁
23,6,jjonghee_lee,내 로로피아나.. 청바지 입고 로로피아나 신지 않는걸로 해요. 세탁샵 아시는분 연결 좀 부탁드려요. #로로피아나 #로로피아나세탁,천만원짜릴 신던 마넌짜릴신던 느그들 발목아지가 아님 고로 그런갑다 하고 넘겨라,3274,#로로피아나 #로로피아나세탁
24,6,jjonghee_lee,내 로로피아나.. 청바지 입고 로로피아나 신지 않는걸로 해요. 세탁샵 아시는분 연결 좀 부탁드려요. #로로피아나 #로로피아나세탁,코 구축왔어요,3274,#로로피아나 #로로피아나세탁
25,6,jjonghee_lee,내 로로피아나.. 청바지 입고 로로피아나 신지 않는걸로 해요. 세탁샵 아시는분 연결 좀 부탁드려요. #로로피아나 #로로피아나세탁,"그냥 버리면 될걸 뭐하러 이런 영상을 올리는거에요? 진심 궁금해서,,",3274,#로로피아나 #로로피아나세탁
26,6,jjonghee_lee,내 로로피아나.. 청바지 입고 로로피아나 신지 않는걸로 해요. 세탁샵 아시는분 연결 좀 부탁드려요. #로로피아나 #로로피아나세탁,찢어버리는 영상 업로드는 언제 하시나요??,3274,#로로피아나 #로로피아나세탁
27,6,jjonghee_lee,내 로로피아나.. 청바지 입고 로로피아나 신지 않는걸로 해요. 세탁샵 아시는분 연결 좀 부탁드려요. #로로피아나 #로로피아나세탁,제가 잘 몰라서 그런데 별로 비싼 것도 아닌데 좋아 보이지도 않고 저것도 명품인가요?,3274,#로로피아나 #로로피아나세탁
28,6,jjonghee_lee,내 로로피아나.. 청바지 입고 로로피아나 신지 않는걸로 해요. 세탁샵 아시는분 연결 좀 부탁드려요. #로로피아나 #로로피아나세탁,@zxivxen 야 댓글 왜이래?ㅠㅠ 버린다는 말도 없고 본분엔 신발 세탁 잘 하는 데 알려달라고도 하는데 사람들 자격지심 ㅈ대,3274,#로로피아나 #로로피아나세탁
29,6,jjonghee_lee,내 로로피아나.. 청바지 입고 로로피아나 신지 않는걸로 해요. 세탁샵 아시는분 연결 좀 부탁드려요. #로로피아나 #로로피아나세탁,저기 아주머니.. 신발은 빨아신어도 됩니다.,3274,#로로피아나 #로로피아나세탁
30,6,jjonghee_lee,내 로로피아나.. 청바지 입고 로로피아나 신지 않는걸로 해요. 세탁샵 아시는분 연결 좀 부탁드려요. #로로피아나 #로로피아나세탁,사람들 너무 꼬인거같아서 저도 꼬여볼게요 ㅋㅋㅋㅋ이거 중고로 이염된거 사서 영상 찍으신듯 ㅋㅋㅋ,3274,#로로피아나 #로로피아나세탁
31,6,jjonghee_lee,내 로로피아나.. 청바지 입고 로로피아나 신지 않는걸로 해요. 세탁샵 아시는분 연결 좀 부탁드려요. #로로피아나 #로로피아나세탁,SNS가 뭐라고ㅋㅋㅋㅋ 어휴,3274,#로로피아나 #로로피아나세탁
32,6,jjonghee_lee,내 로로피아나.. 청바지 입고 로로피아나 신지 않는걸로 해요. 세탁샵 아시는분 연결 좀 부탁드려요. #로로피아나 #로로피아나세탁,저도 인스타보고 핏좋은 청바지삿다가 자켓 신발다물들어서 인스타제품 믿거,3274,#로로피아나 #로로피아나세탁
33,6,jjonghee_lee,내 로로피아나.. 청바지 입고 로로피아나 신지 않는걸로 해요. 세탁샵 아시는분 연결 좀 부탁드려요. #로로피아나 #로로피아나세탁,아 요새 인스타 진짜 없는사람들 놀이터된듯ㅋㅋ,3274,#로로피아나 #로로피아나세탁
34,6,jjonghee_lee,내 로로피아나.. 청바지 입고 로로피아나 신지 않는걸로 해요. 세탁샵 아시는분 연결 좀 부탁드려요. #로로피아나 #로로피아나세탁,힝. 현관문크기와 로로피아나..,3274,#로로피아나 #로로피아나세탁
35,6,jjonghee_lee,내 로로피아나.. 청바지 입고 로로피아나 신지 않는걸로 해요. 세탁샵 아시는분 연결 좀 부탁드려요. #로로피아나 #로로피아나세탁,신발에 이염될수도 있는거 아닌가요?  몇푼되지도 않는 신발 뭐좀 묻었다고 징징되긴,3274,#로로피아나 #로로피아나세탁
36,6,jjonghee_lee,내 로로피아나.. 청바지 입고 로로피아나 신지 않는걸로 해요. 세탁샵 아시는분 연결 좀 부탁드려요. #로로피아나 #로로피아나세탁,한녀들 허영심만 그득그득한것봐 찢어버리는거라도 인증해봐라,3274,#로로피아나 #로로피아나세탁
37,6,jjonghee_lee,내 로로피아나.. 청바지 입고 로로피아나 신지 않는걸로 해요. 세탁샵 아시는분 연결 좀 부탁드려요. #로로피아나 #로로피아나세탁,절세미인,3274,#로로피아나 #로로피아나세탁
38,6,jjonghee_lee,내 로로피아나.. 청바지 입고 로로피아나 신지 않는걸로 해요. 세탁샵 아시는분 연결 좀 부탁드려요. #로로피아나 #로로피아나세탁,ㅠㅠ 속상하다...,3274,#로로피아나 #로로피아나세탁
39,6,jjonghee_lee,내 로로피아나.. 청바지 입고 로로피아나 신지 않는걸로 해요. 세탁샵 아시는분 연결 좀 부탁드려요. #로로피아나 #로로피아나세탁,버릴거면 저희집으로👏,3274,#로로피아나 #로로피아나세탁
40,6,jjonghee_lee,내 로로피아나.. 청바지 입고 로로피아나 신지 않는걸로 해요. 세탁샵 아시는분 연결 좀 부탁드려요. #로로피아나 #로로피아나세탁,김치녀.....인가 이게,3274,#로로피아나 #로로피아나세탁
41,6,jjonghee_lee,내 로로피아나.. 청바지 입고 로로피아나 신지 않는걸로 해요. 세탁샵 아시는분 연결 좀 부탁드려요. #로로피아나 #로로피아나세탁,로로피아나가 지금 169? ㅋㅋㅋ내 키됏네요 명품값미친듯이오르네요 나살때백삼십이엇던거같은데,3274,#로로피아나 #로로피아나세탁
42,7,celeb.style.info,#Celeb_Style_Info · CELEB : 안성재 · PROGRAM : 발베니 행사 · BRAND : 로로피아나 ( @loropiana ) · ITEM : 자켓 - 스파냐 재킷 (FAP2296) / 팬츠 - 세드릭 트라우저 (FAP4346) / 신발 - 테니스 워크 스니커즈 (FAN8505),· · · #로로피아나 #loropiana #안성재 #안성재셰프 #발베니 #안성재발베니 #안성재패션 #안성재자켓 #안성재팬츠 #안성재신발 #로로피아나자켓 #로로피아나신발 #명품브랜드 #하이엔드브랜드 #콰이어트럭셔리 #남자명품브랜드 #남자자켓 #명품자켓 #남자팬츠 #명품팬츠 #남자신발 #남자스니커즈 #명품신발 #명품스니커즈,271,#Celeb_Style_Info #로로피아나 #loropiana #안성재 #안성재셰프 #발베니 #안성재발베니 #안성재패션 #안성재자켓 #안성재팬츠 #안성재신발 #로로피아나자켓 #로로피아나신발 #명품브랜드 #하이엔드브랜드 #콰이어트럭셔리 #남자명품브랜드 #남자자켓 #명품자켓 #남자팬츠 #명품팬츠 #남자신발 #남자스니커즈 #명품신발 #명품스니커즈
43,8,tell_yourworld_,"「로로피아나 - 브랜딩」 프랑스 명품 그룹 LVMH 산하의 이탈리아 브랜드 로로피아나(Loro Piana)가 최근 노동 환경 관리 부실 논란에 휘말렸습니다. 이탈리아 밀라노 법원은 “하청업체의 불법 행위를 고의로 묵인했다”며 로로피아나를 1년간 사법 관리 대상으로 지정했는데요. 문제의 핵심은 다단계 하청 구조입니다. 로로피아나는 의류 제작을 하청업체에 맡겼고, 이 업체는 다시 중국계 2차 하청업체에 재하청을 주었습니다. 해당 업체는 불법 체류 아시아인 노동자를 고용해, 야간·공휴일을 포함한 장시간 노동을 강요했고, 작업 환경 역시 열악했던 것으로 드러났습니다. • 로로피아나 캐시미어 재킷 소비자 판매가: 3,000유로 (약 484만 원) • 2차 하청업체가 받은 제작비: 80유로 (약 13만 원) 또한, 이 사건은 이탈리아 명품 산업 전반의 구조적 문제를 드러내기도 합니다. 실제로 2023년 이후 발렌티노, 디올, 아르마니 등도 유사한 이유로 법정 관리를 받은 바 있습니다. 이탈리아는 전 세계 명품 생산량의 50~55%를 차지하는 만큼, 공급망의 윤리성에 대한 소비자와 시장의 시선은 점점 더 날카로워지고 있습니다. Editor’s Comment 불과 몇달 전 로로피아나 콘텐츠를 만들면서, 매장에 방문해본 적이 있는데요. ‘정말 다르다‘라고 느꼈습니다. 이것까지가 브랜딩이었던 걸까요? 끝까지 아무도 몰랐다면 문제되지 않겠지만 세상에 드러난 순간, 앞으로 명품들이 그 자리를 지켜낼 수 있을지 조금은 의심됩니다. #브랜딩 #마케팅 #로로피아나 당신의 스토리를 들려주면, 당신의 세계를 만들어주는 올어바웃 브랜딩 텔유 브랜딩 A to Z @tell_yourworld_ Editor_Leo",이런류의 글들을 보면 “노동을 강요했다”라거나 그런 뉘앙스를 풍기며 나오는데 과연 강요한 것일까라는 점입니다. 중국이나 어디나 자국민이던 외노자들이던 그들이 원해서 일하는 경우가 대부분일텐데 그게 나쁜걸까요….? 수요공급에의해 그 분들에게도 합당한 급여를 주고 있지는 않을까요…,56,#브랜딩 #마케팅 #로로피아나
44,8,tell_yourworld_,"「로로피아나 - 브랜딩」 프랑스 명품 그룹 LVMH 산하의 이탈리아 브랜드 로로피아나(Loro Piana)가 최근 노동 환경 관리 부실 논란에 휘말렸습니다. 이탈리아 밀라노 법원은 “하청업체의 불법 행위를 고의로 묵인했다”며 로로피아나를 1년간 사법 관리 대상으로 지정했는데요. 문제의 핵심은 다단계 하청 구조입니다. 로로피아나는 의류 제작을 하청업체에 맡겼고, 이 업체는 다시 중국계 2차 하청업체에 재하청을 주었습니다. 해당 업체는 불법 체류 아시아인 노동자를 고용해, 야간·공휴일을 포함한 장시간 노동을 강요했고, 작업 환경 역시 열악했던 것으로 드러났습니다. • 로로피아나 캐시미어 재킷 소비자 판매가: 3,000유로 (약 484만 원) • 2차 하청업체가 받은 제작비: 80유로 (약 13만 원) 또한, 이 사건은 이탈리아 명품 산업 전반의 구조적 문제를 드러내기도 합니다. 실제로 2023년 이후 발렌티노, 디올, 아르마니 등도 유사한 이유로 법정 관리를 받은 바 있습니다. 이탈리아는 전 세계 명품 생산량의 50~55%를 차지하는 만큼, 공급망의 윤리성에 대한 소비자와 시장의 시선은 점점 더 날카로워지고 있습니다. Editor’s Comment 불과 몇달 전 로로피아나 콘텐츠를 만들면서, 매장에 방문해본 적이 있는데요. ‘정말 다르다‘라고 느꼈습니다. 이것까지가 브랜딩이었던 걸까요? 끝까지 아무도 몰랐다면 문제되지 않겠지만 세상에 드러난 순간, 앞으로 명품들이 그 자리를 지켜낼 수 있을지 조금은 의심됩니다. #브랜딩 #마케팅 #로로피아나 당신의 스토리를 들려주면, 당신의 세계를 만들어주는 올어바웃 브랜딩 텔유 브랜딩 A to Z @tell_yourworld_ Editor_Leo",수요와공급의 문제가 아니라 노동자가 실질적으로 권리를 보장받지못하고 선태권이 제한된다면 단순히 돈을 받았다고해서 다는 아니라는 생각이드네요...,56,#브랜딩 #마케팅 #로로피아나
45,8,tell_yourworld_,"「로로피아나 - 브랜딩」 프랑스 명품 그룹 LVMH 산하의 이탈리아 브랜드 로로피아나(Loro Piana)가 최근 노동 환경 관리 부실 논란에 휘말렸습니다. 이탈리아 밀라노 법원은 “하청업체의 불법 행위를 고의로 묵인했다”며 로로피아나를 1년간 사법 관리 대상으로 지정했는데요. 문제의 핵심은 다단계 하청 구조입니다. 로로피아나는 의류 제작을 하청업체에 맡겼고, 이 업체는 다시 중국계 2차 하청업체에 재하청을 주었습니다. 해당 업체는 불법 체류 아시아인 노동자를 고용해, 야간·공휴일을 포함한 장시간 노동을 강요했고, 작업 환경 역시 열악했던 것으로 드러났습니다. • 로로피아나 캐시미어 재킷 소비자 판매가: 3,000유로 (약 484만 원) • 2차 하청업체가 받은 제작비: 80유로 (약 13만 원) 또한, 이 사건은 이탈리아 명품 산업 전반의 구조적 문제를 드러내기도 합니다. 실제로 2023년 이후 발렌티노, 디올, 아르마니 등도 유사한 이유로 법정 관리를 받은 바 있습니다. 이탈리아는 전 세계 명품 생산량의 50~55%를 차지하는 만큼, 공급망의 윤리성에 대한 소비자와 시장의 시선은 점점 더 날카로워지고 있습니다. Editor’s Comment 불과 몇달 전 로로피아나 콘텐츠를 만들면서, 매장에 방문해본 적이 있는데요. ‘정말 다르다‘라고 느꼈습니다. 이것까지가 브랜딩이었던 걸까요? 끝까지 아무도 몰랐다면 문제되지 않겠지만 세상에 드러난 순간, 앞으로 명품들이 그 자리를 지켜낼 수 있을지 조금은 의심됩니다. #브랜딩 #마케팅 #로로피아나 당신의 스토리를 들려주면, 당신의 세계를 만들어주는 올어바웃 브랜딩 텔유 브랜딩 A to Z @tell_yourworld_ Editor_Leo",로로피아나의 경우엔 이탈리아의 소도시에서 현지 이탈리아인을 고용해 그들의 생활을 안정되게 교육도 시켜주고 하는 것처럼 윤리적인 기업인듯 이미지 마케팅까지 하면서 뒤로 저렇게 호박씨 까는게 더더더 괴씸한것 같아요.,56,#브랜딩 #마케팅 #로로피아나
46,9,rmin.ji,. 박세리감독님과 영광스런 시간💕 얼굴 엄청 작으시고 너무 멋있으셔요💕 . 감독님옆에 떨려서 오징어 꼴뚜기 대구 명태 거북이 되어버렸음🙊 #박세리 #박세리감독님 #로로피아나,Food park,226,#박세리 #박세리감독님 #로로피아나
47,9,rmin.ji,. 박세리감독님과 영광스런 시간💕 얼굴 엄청 작으시고 너무 멋있으셔요💕 . 감독님옆에 떨려서 오징어 꼴뚜기 대구 명태 거북이 되어버렸음🙊 #박세리 #박세리감독님 #로로피아나,와우😍🧡박세리님과 사진을!!👏넘 좋으셨겠어요💛💛💛,226,#박세리 #박세리감독님 #로로피아나
48,9,rmin.ji,. 박세리감독님과 영광스런 시간💕 얼굴 엄청 작으시고 너무 멋있으셔요💕 . 감독님옆에 떨려서 오징어 꼴뚜기 대구 명태 거북이 되어버렸음🙊 #박세리 #박세리감독님 #로로피아나,와우👏,226,#박세리 #박세리감독님 #로로피아나
49,9,rmin.ji,. 박세리감독님과 영광스런 시간💕 얼굴 엄청 작으시고 너무 멋있으셔요💕 . 감독님옆에 떨려서 오징어 꼴뚜기 대구 명태 거북이 되어버렸음🙊 #박세리 #박세리감독님 #로로피아나,울님이 더더더 작으신데😍😍😍 그럼 얼굴이 얼마나 작으신거에요😮❤️❤️,226,#박세리 #박세리감독님 #로로피아나
50,9,rmin.ji,. 박세리감독님과 영광스런 시간💕 얼굴 엄청 작으시고 너무 멋있으셔요💕 . 감독님옆에 떨려서 오징어 꼴뚜기 대구 명태 거북이 되어버렸음🙊 #박세리 #박세리감독님 #로로피아나,난 몰라💛 인형이예요 완전 ♥️,226,#박세리 #박세리감독님 #로로피아나
51,9,rmin.ji,. 박세리감독님과 영광스런 시간💕 얼굴 엄청 작으시고 너무 멋있으셔요💕 . 감독님옆에 떨려서 오징어 꼴뚜기 대구 명태 거북이 되어버렸음🙊 #박세리 #박세리감독님 #로로피아나,우왕 박세리님 😍 넘 멋져요 ❤️❤️,226,#박세리 #박세리감독님 #로로피아나
52,9,rmin.ji,. 박세리감독님과 영광스런 시간💕 얼굴 엄청 작으시고 너무 멋있으셔요💕 . 감독님옆에 떨려서 오징어 꼴뚜기 대구 명태 거북이 되어버렸음🙊 #박세리 #박세리감독님 #로로피아나,와 박세리 감독님과 조우라니! 너무 떨리셨을 것 같아요🙈 울님 미모야 워낙 예쁘신걸요❤️,226,#박세리 #박세리감독님 #로로피아나
53,9,rmin.ji,. 박세리감독님과 영광스런 시간💕 얼굴 엄청 작으시고 너무 멋있으셔요💕 . 감독님옆에 떨려서 오징어 꼴뚜기 대구 명태 거북이 되어버렸음🙊 #박세리 #박세리감독님 #로로피아나,짱이다😮😍,226,#박세리 #박세리감독님 #로로피아나
54,9,rmin.ji,. 박세리감독님과 영광스런 시간💕 얼굴 엄청 작으시고 너무 멋있으셔요💕 . 감독님옆에 떨려서 오징어 꼴뚜기 대구 명태 거북이 되어버렸음🙊 #박세리 #박세리감독님 #로로피아나,대박대박❤️❤️ 박세리감독님과 함께 너무 예쁜 투샷이에요👏🏻👏🏻,226,#박세리 #박세리감독님 #로로피아나
55,9,rmin.ji,. 박세리감독님과 영광스런 시간💕 얼굴 엄청 작으시고 너무 멋있으셔요💕 . 감독님옆에 떨려서 오징어 꼴뚜기 대구 명태 거북이 되어버렸음🙊 #박세리 #박세리감독님 #로로피아나,박세리 감독님도 멋지시지만 울님 미모가 넘 빛나는데여☀️☀️☀️,226,#박세리 #박세리감독님 #로로피아나
56,9,rmin.ji,. 박세리감독님과 영광스런 시간💕 얼굴 엄청 작으시고 너무 멋있으셔요💕 . 감독님옆에 떨려서 오징어 꼴뚜기 대구 명태 거북이 되어버렸음🙊 #박세리 #박세리감독님 #로로피아나,우와 박세리님 .....👏👏👏👏,226,#박세리 #박세리감독님 #로로피아나
57,9,rmin.ji,. 박세리감독님과 영광스런 시간💕 얼굴 엄청 작으시고 너무 멋있으셔요💕 . 감독님옆에 떨려서 오징어 꼴뚜기 대구 명태 거북이 되어버렸음🙊 #박세리 #박세리감독님 #로로피아나,캬 박세리감독님❤️❤️,226,#박세리 #박세리감독님 #로로피아나
58,9,rmin.ji,. 박세리감독님과 영광스런 시간💕 얼굴 엄청 작으시고 너무 멋있으셔요💕 . 감독님옆에 떨려서 오징어 꼴뚜기 대구 명태 거북이 되어버렸음🙊 #박세리 #박세리감독님 #로로피아나,와우!!!!,226,#박세리 #박세리감독님 #로로피아나
59,9,rmin.ji,. 박세리감독님과 영광스런 시간💕 얼굴 엄청 작으시고 너무 멋있으셔요💕 . 감독님옆에 떨려서 오징어 꼴뚜기 대구 명태 거북이 되어버렸음🙊 #박세리 #박세리감독님 #로로피아나,오~!! 정말 얼굴 작으시네!! 오징어꼴뚜기대구명태거북이는 왜케 이쁨??ㅎㅎㅎ,226,#박세리 #박세리감독님 #로로피아나
60,9,rmin.ji,. 박세리감독님과 영광스런 시간💕 얼굴 엄청 작으시고 너무 멋있으셔요💕 . 감독님옆에 떨려서 오징어 꼴뚜기 대구 명태 거북이 되어버렸음🙊 #박세리 #박세리감독님 #로로피아나,어머. 박세리 님도 실제로 보면 엄청 얼굴두 작고 하시던데 .... 우리 민지 님 .... 얼굴 사이즈 실화입니까 ❤️ 완죤 연예인 저리가라예용 ❤️❤️❤️❤️,226,#박세리 #박세리감독님 #로로피아나
61,9,rmin.ji,. 박세리감독님과 영광스런 시간💕 얼굴 엄청 작으시고 너무 멋있으셔요💕 . 감독님옆에 떨려서 오징어 꼴뚜기 대구 명태 거북이 되어버렸음🙊 #박세리 #박세리감독님 #로로피아나,우와 🙌 골린이는 이사진을보며 넘나 부럽네요❤️❤️❤️😍😍,226,#박세리 #박세리감독님 #로로피아나
62,9,rmin.ji,. 박세리감독님과 영광스런 시간💕 얼굴 엄청 작으시고 너무 멋있으셔요💕 . 감독님옆에 떨려서 오징어 꼴뚜기 대구 명태 거북이 되어버렸음🙊 #박세리 #박세리감독님 #로로피아나,꺄❤️❤️❤️,226,#박세리 #박세리감독님 #로로피아나
63,9,rmin.ji,. 박세리감독님과 영광스런 시간💕 얼굴 엄청 작으시고 너무 멋있으셔요💕 . 감독님옆에 떨려서 오징어 꼴뚜기 대구 명태 거북이 되어버렸음🙊 #박세리 #박세리감독님 #로로피아나,박세리감독님도 멋지시지만 옆에계신분은 얼굴이 주먹만하고 허리가 한줌....😮,226,#박세리 #박세리감독님 #로로피아나
64,9,rmin.ji,. 박세리감독님과 영광스런 시간💕 얼굴 엄청 작으시고 너무 멋있으셔요💕 . 감독님옆에 떨려서 오징어 꼴뚜기 대구 명태 거북이 되어버렸음🙊 #박세리 #박세리감독님 #로로피아나,꺄악 박세리감독님 완전 팬인뎅❣️,226,#박세리 #박세리감독님 #로로피아나
65,10,maja.kabala93,로로피아나 로로피아나로퍼 로로피아나썸머워크 로로피아나썸머워크로퍼 로로피아나스니커즈 로로피아나신발 로로피아나운동화,신발 디자인 미쳤어,545,#로로피아나 #로로피아나로퍼 #로로피아나썸머워크 #로로피아나썸머워크로퍼 #로로피아나스니커즈 #로로피아나신발 #로로피아나운동화
66,10,maja.kabala93,로로피아나 로로피아나로퍼 로로피아나썸머워크 로로피아나썸머워크로퍼 로로피아나스니커즈 로로피아나신발 로로피아나운동화,로퍼 진짜 고급져 보인다,545,#로로피아나 #로로피아나로퍼 #로로피아나썸머워크 #로로피아나썸머워크로퍼 #로로피아나스니커즈 #로로피아나신발 #로로피아나운동화
67,10,maja.kabala93,로로피아나 로로피아나로퍼 로로피아나썸머워크 로로피아나썸머워크로퍼 로로피아나스니커즈 로로피아나신발 로로피아나운동화,썸머워크 완전 탐나네,545,#로로피아나 #로로피아나로퍼 #로로피아나썸머워크 #로로피아나썸머워크로퍼 #로로피아나스니커즈 #로로피아나신발 #로로피아나운동화
68,10,maja.kabala93,로로피아나 로로피아나로퍼 로로피아나썸머워크 로로피아나썸머워크로퍼 로로피아나스니커즈 로로피아나신발 로로피아나운동화,#로로피아나 #로로피아나로퍼 #로로피아나썸머워크 #로로피아나썸머워크로퍼 #로로피아나스니커즈 #로로피아나신발 #로로피아나운동화,545,#로로피아나 #로로피아나로퍼 #로로피아나썸머워크 #로로피아나썸머워크로퍼 #로로피아나스니커즈 #로로피아나신발 #로로피아나운동화
