symbol,revenue,operating_income,net_income,liabilities,equity,revenue_growth,operating_margin,roe,per,pbr,debt_ratio,market_cap,shares_outstanding,latest_price
005930.KS,333605938000000.0,43601051000000.0,45206805000000.0,130621773000000.0,436320337000000.0,0.0,0.1306962677624761,0.1036092090293742,43.08114400781033,4.463603254729793,0.2993712690499687,1947560876338000.0,5919637922.0,329000.0
000660.KS,97146675000000.0,0.0,42947902000000.0,55440908000000.0,120666751000000.0,0.0,0.0,0.3559215910271753,35.08820746470922,12.488650627130916,0.4594547175634156,1506964895550000.0,728002365.0,2070000.0
035420.KS,12035007218975.0,2208138388720.0,1818746310015.0,12131482961723.0,28953013365595.0,0.0,0.1834762828591027,0.062817168183821,22.03487577586864,1.384168497522345,0.4190058840693555,40075849009000.0,156852638.0,255500.0
035720.KS,8099147815086.0,732036535379.0,517959587282.0,12558602529761.0,15224922016050.0,0.0,0.0903843900731705,0.0340205083964286,34.3857571948045,1.1698209413634024,0.8248713863047583,17810432605000.0,442495220.0,40250.0
005380.KS,186254472000000.0,11467851000000.0,10364775000000.0,241196612000000.0,127648237000000.0,0.0,0.0615708760002283,0.0811979487033573,13.828610481173012,1.1228548044889959,1.8895412711418804,143330436200000.0,204757766.0,700000.0
051910.KS,45932167000000.0,0.0,-977063000000.0,53956116000000.0,47105545000000.0,0.0,0.0,-0.0207419954487311,0.0,0.5230112019083953,1.1454302460570194,24636727707000.0,70592343.0,349000.0
373220.KS,23671759000000.0,1346120000000.0,80803000000.0,37826277000000.0,29321676000000.0,0.0,0.0568660740420684,0.0027557428845472,1198.9158818360704,3.303903910540448,1.290044846004028,96876000000000.0,234000000.0,414000.0
207940.KS,4556971695180.0,2069221266630.0,1784352060593.0,3609631328852.0,7451110647985.0,0.0,0.4540781477354043,0.2394746427602093,34.76324863793157,8.324916548752999,0.4844420515790019,62029874340000.0,46290951.0,1340000.0
000270.KS,114140919000000.0,9078148000000.0,7554174000000.0,37788591000000.0,61190464000000.0,0.0,0.079534562009265,0.1234534518319717,8.325931329858168,1.0278649623869498,0.6175568631086046,62895533977800.0,390412998.0,161100.0
068270.KS,4162495108881.0,1168471345595.0,1031483789240.0,4982370370686.0,17352529819114.0,0.0,0.2807141666309655,0.0594428478148361,38.378412244139675,2.2813221184034393,0.2871264549102151,39586710086600.0,230960969.0,171400.0
005490.KS,69094886192787.0,1827063210829.0,504403472266.0,42814746926182.0,62377691037383.0,0.0,0.0264428138101446,0.0080862799484468,62.57659396792302,0.506011857044913,0.6863791559793884,31563851280000.0,80932952.0,390000.0
006400.KS,13266730679499.0,0.0,-584875358534.0,18685225421089.0,23570113159830.0,0.0,0.0,-0.0248142787676891,0.0,1.9419754470253945,0.7927507727427375,45772581040000.0,80585530.0,568000.0
012330.KS,61118127000000.0,0.0,3664736000000.0,21187737000000.0,49212795000000.0,0.0,0.0,0.0744671380684637,17.256525531716335,1.2850440693522893,0.4305330961186008,63240610351000.0,90732583.0,697000.0
028260.KS,40742240967149.0,3292747495925.0,3906652564846.0,29035796293982.0,57496949405446.0,0.0,0.0808190079328229,0.0679453884987499,20.03612996362925,1.3613626343902345,0.5049971623578309,78274198512000.0,169976544.0,460500.0
105560.KS,0.0,8517711000000.0,5840715000000.0,737093044000000.0,60829989000000.0,0.0,0.0,0.0960170319938739,11.207343086385828,1.07609581969183,12.117264134307176,65458896874800.0,381462103.0,171600.0
055550.KS,0.0,7023357000000.0,5084519000000.0,725641161000000.0,60372324000000.0,0.0,0.0,0.0842193684642651,10.264629831258375,0.8644806419080372,12.019433954538506,52190705405000.0,485494934.0,107500.0
086790.KS,0.0,5350898000000.0,4036638000000.0,628945122000000.0,45645554000000.0,0.0,0.0,0.0884344179501031,8.522208483990886,0.7536565469311645,13.77889119277641,34401070610400.0,278325814.0,123600.0
316140.KS,0.0,3674808000000.0,3227508000000.0,563598038000000.0,37859248000000.0,0.0,0.0,0.0852501877480503,7.09624304076086,0.604956051530659,14.886667532329222,22903181184000.0,734076320.0,31200.0
032830.KS,0.0,2580469000000.0,2451515000000.0,285850383000000.0,64835318000000.0,0.0,0.0,0.0378114132177156,33.65265968187019,1.2724546211063543,4.408868373252985,82500000000000.0,200000000.0,412500.0
138040.KS,0.0,0.0,2350134643625.0,124196775797045.0,11261208003790.0,0.0,0.0,0.2086929433178087,8.000093226105404,1.6695630021728003,11.02872584852763,18801296242900.0,175221773.0,107300.0
066570.KS,89200882000000.0,2478392000000.0,1220412000000.0,40068142000000.0,28552025000000.0,0.0,0.0277843889480823,0.0427434481442209,44.70779608607585,1.9109653636475872,1.4033380119273502,54561930837000.0,180072379.0,303000.0
015760.KS,97429346000000.0,0.0,8666656000000.0,205604513000000.0,49322944000000.0,0.0,0.0,0.1757124635544869,2.822176319643932,0.49589155370977045,4.168536918639731,24458831333700.0,641964077.0,38100.0
003550.KS,7252547000000.0,912174000000.0,1000121000000.0,3648076000000.0,30334813000000.0,0.0,0.1257729181210408,0.0329694137227745,18.951539660201117,0.6248211517407409,0.1202603754306974,18953832796500.0,154221585.0,122900.0
034730.KS,122703338000000.0,1818476000000.0,3555246000000.0,127828333000000.0,85691335000000.0,0.0,0.0148201021230571,0.041488979019874,12.845250019267302,0.532936308554418,1.491729974798502,45668023750000.0,73068838.0,625000.0
096770.KS,80296054243000.0,448683859000.0,-5436441431000.0,69216985650000.0,36391495746000.0,0.0,0.0055878693321859,-0.1493876885122962,0.0,0.5337556190812801,1.902009912785957,19424165341200.0,169052788.0,114900.0
009150.KS,11314459238100.0,913331178557.0,730989517218.0,4798551372605.0,9797343882863.0,0.0,0.0807224772600243,0.0746109890555754,186.52031465362117,13.916465155263813,0.489780845704352,136344394760000.0,77600680.0,1757000.0
011200.KS,10891443000000.0,0.0,1878732000000.0,6991856000000.0,26571277000000.0,0.0,0.0,0.0707053710666596,9.765085449388204,0.6904439901966323,0.2631358665976046,18345978516500.0,943237970.0,19450.0
010130.KS,16587850779912.0,0.0,770249337092.0,9211501849078.0,11184217875641.0,0.0,0.0,0.0688693072377986,34.28020578983792,2.3608540247153127,0.8236160947061363,26404305785000.0,20872969.0,1265000.0
017670.KS,17099213000000.0,1073215000000.0,375084000000.0,17152491000000.0,12955292000000.0,0.0,0.0627639997232621,0.0289521841730776,60.92944950784358,1.7640406437153249,1.3239756386810888,22853661639200.0,214790053.0,106400.0
030200.KS,28244161000000.0,2469133000000.0,1836770000000.0,23490550000000.0,19458023000000.0,0.0,0.0874210071242689,0.0943965376133022,7.409295115882773,0.6994118050944846,1.2072423801739776,13609170990000.0,252021685.0,54000.0
003670.KS,2938698184392.0,0.0,36521891144.0,4631817432921.0,4512079082909.0,0.0,0.0,0.0080942488978836,509.00321417375505,4.1199987053451474,1.0265372897530871,18589759980000.0,88946220.0,209000.0
352820.KS,2649870246000.0,49318276000.0,-254385318000.0,1934017978000.0,3551456465000.0,0.0,0.0186115814819409,-0.0716284489214483,0.0,2.513511470567893,0.5445703747349752,8926626562000.0,42609196.0,209500.0
259960.KS,3326553694966.0,1054380980188.0,733703643561.0,2249503836253.0,7184144206229.0,0.0,0.3169589541823934,0.1021281898719187,16.636807776033834,1.6990870634133968,0.3131206406328218,12206486482500.0,47403831.0,257500.0
018260.KS,13929868497711.0,957102744609.0,782669219514.0,3190804215776.0,10262899983419.0,0.0,0.068708670492207,0.0762619942490426,24.963156864827383,1.9037401252634163,0.3109066853356403,19537894500000.0,77377800.0,252500.0
036570.KS,1506925065850.0,0.0,347421554268.0,962709640428.0,3370430829195.0,0.0,0.0,0.1030792714268457,17.456148354922597,1.7993670543443523,0.285634000285339,6064642193000.0,21544022.0,281500.0
