"상품명","키워드","상품원본URL","쿠팡링크","상품이미지URL","상품ID","아이템ID","카테고리","가격","할인율","로켓정보","평점","리뷰수","점수","click_priority","가격대","상품군","계절태그","대상독자","사용장소","문제상황","불편포인트","장점1","장점2","장점3","주의점","검색의도","글관점","제목시드","썸네일프롬프트","CTA문구","광고고지문","수집경로","수집키워드","수집순위","수집일시","used","used_at","post_title"
"신일 26㎡(7.9평) 이동식 에어컨 고객직접설치, SMA-TS900","신일 이동식 에어컨 8평","https://www.coupang.com/vp/products/8113450857","https://www.coupang.com/vp/products/8113450857","","8113450857","","계절가전","445,000원","0","로켓배송, 내일도착","4.5","84","100.04","medium","15만-50만원대","에어컨/냉난방기","여름, 장마철","원룸, 거실, 사무실처럼 공간 크기에 맞는 냉방 제품을 찾는 사람","원룸, 거실, 사무실, 작은 매장","여름 전기요금과 설치 조건을 같이 보면서 냉방 제품을 골라야 할 때","평수, 설치 방식, 배관 조건을 놓치면 가격보다 설치에서 더 크게 막힐 수 있음","공간 면적과 설치 조건을 기준으로 판단하기 좋음","방문설치, 이동식, 창문형처럼 상황별 선택지가 분명함","계절 수요가 강해 구매 전 검색 의도가 뚜렷함","설치비, 배관형, 실외기 위치, 전기요금 부담은 반드시 따로 확인해야 함","문제해결형 추천","구매 전 확인할 조건을 정리하는 체크리스트형","원룸, 거실, 사무실처럼 공간 크기에 맞는 냉방 제품을 찾는 사람 기준으로 신일 이동식 에어컨 8평 고를 때 보기 쉬운 구매 전 체크","신일 이동식 에어컨 8평를 실제 생활 공간에서 사용하는 한국형 라이프스타일 장면. 원룸, 거실, 사무실, 작은 매장 배경, 자연광, 과한 광고 느낌 없는 현실적인 분위기.","제품 상세정보와 현재 가격은 아래 링크에서 바로 확인 가능","이 포스팅은 쿠팡 파트너스 활동의 일환으로, 이에 따른 일정액의 수수료를 제공받습니다.","로켓배송>가전디지털>계절가전","계절가전","","","","",""
"신일 이동식 에어컨 고객직접설치, SMA-S9000","신일 이동식 에어컨 SMA-S9000","https://www.coupang.com/vp/products/8279004981","https://www.coupang.com/vp/products/8279004981","","8279004981","","계절가전","460,000원","0","로켓배송, 내일도착","4.5","55","98.3","medium","15만-50만원대","에어컨/냉난방기","여름, 장마철","원룸, 거실, 사무실처럼 공간 크기에 맞는 냉방 제품을 찾는 사람","원룸, 거실, 사무실, 작은 매장","여름 전기요금과 설치 조건을 같이 보면서 냉방 제품을 골라야 할 때","평수, 설치 방식, 배관 조건을 놓치면 가격보다 설치에서 더 크게 막힐 수 있음","공간 면적과 설치 조건을 기준으로 판단하기 좋음","방문설치, 이동식, 창문형처럼 상황별 선택지가 분명함","계절 수요가 강해 구매 전 검색 의도가 뚜렷함","설치비, 배관형, 실외기 위치, 전기요금 부담은 반드시 따로 확인해야 함","문제해결형 추천","구매 전 확인할 조건을 정리하는 체크리스트형","원룸, 거실, 사무실처럼 공간 크기에 맞는 냉방 제품을 찾는 사람 기준으로 신일 이동식 에어컨 SMA-S9000 고를 때 보기 쉬운 구매 전 체크","신일 이동식 에어컨 SMA-S9000를 실제 생활 공간에서 사용하는 한국형 라이프스타일 장면. 원룸, 거실, 사무실, 작은 매장 배경, 자연광, 과한 광고 느낌 없는 현실적인 분위기.","제품 상세정보와 현재 가격은 아래 링크에서 바로 확인 가능","이 포스팅은 쿠팡 파트너스 활동의 일환으로, 이에 따른 일정액의 수수료를 제공받습니다.","로켓배송>가전디지털>계절가전","계절가전","","","","",""
"캐리어 인버터 52.8㎡ 벽걸이형 에어컨 방문설치, OARB-0161FAWSD, 일반배관형","캐리어 벽걸이 에어컨 16평 인버터","https://www.coupang.com/vp/products/8051284124","https://www.coupang.com/vp/products/8051284124","","8051284124","","계절가전","999,000원","0","","5.0","92","110.52","medium","50만원 이상","에어컨/냉난방기","여름, 장마철","원룸, 거실, 사무실처럼 공간 크기에 맞는 냉방 제품을 찾는 사람","원룸, 거실, 사무실, 작은 매장","여름 전기요금과 설치 조건을 같이 보면서 냉방 제품을 골라야 할 때","평수, 설치 방식, 배관 조건을 놓치면 가격보다 설치에서 더 크게 막힐 수 있음","공간 면적과 설치 조건을 기준으로 판단하기 좋음","방문설치, 이동식, 창문형처럼 상황별 선택지가 분명함","계절 수요가 강해 구매 전 검색 의도가 뚜렷함","설치비, 배관형, 실외기 위치, 전기요금 부담은 반드시 따로 확인해야 함","문제해결형 추천","구매 전 확인할 조건을 정리하는 체크리스트형","원룸, 거실, 사무실처럼 공간 크기에 맞는 냉방 제품을 찾는 사람 기준으로 캐리어 벽걸이 에어컨 16평 인버터 고를 때 보기 쉬운 구매 전 체크","캐리어 벽걸이 에어컨 16평 인버터를 실제 생활 공간에서 사용하는 한국형 라이프스타일 장면. 원룸, 거실, 사무실, 작은 매장 배경, 자연광, 과한 광고 느낌 없는 현실적인 분위기.","제품 상세정보와 현재 가격은 아래 링크에서 바로 확인 가능","이 포스팅은 쿠팡 파트너스 활동의 일환으로, 이에 따른 일정액의 수수료를 제공받습니다.","로켓배송>가전디지털>계절가전","계절가전","","","","",""
"보국전자 5㎡ 북극곰 이동식 에어컨 고객직접설치, BKA-31W07M","보국전자 북극곰 이동식 에어컨","https://www.coupang.com/vp/products/7327054961","https://www.coupang.com/vp/products/7327054961","","7327054961","","계절가전","328,950원","49","로켓배송, 내일도착","4.0","291","102.46","medium","15만-50만원대","에어컨/냉난방기","여름, 장마철","원룸, 거실, 사무실처럼 공간 크기에 맞는 냉방 제품을 찾는 사람","원룸, 거실, 사무실, 작은 매장","여름 전기요금과 설치 조건을 같이 보면서 냉방 제품을 골라야 할 때","평수, 설치 방식, 배관 조건을 놓치면 가격보다 설치에서 더 크게 막힐 수 있음","공간 면적과 설치 조건을 기준으로 판단하기 좋음","방문설치, 이동식, 창문형처럼 상황별 선택지가 분명함","계절 수요가 강해 구매 전 검색 의도가 뚜렷함","설치비, 배관형, 실외기 위치, 전기요금 부담은 반드시 따로 확인해야 함","문제해결형 추천","구매 전 확인할 조건을 정리하는 체크리스트형","원룸, 거실, 사무실처럼 공간 크기에 맞는 냉방 제품을 찾는 사람 기준으로 보국전자 북극곰 이동식 에어컨 고를 때 보기 쉬운 구매 전 체크","보국전자 북극곰 이동식 에어컨를 실제 생활 공간에서 사용하는 한국형 라이프스타일 장면. 원룸, 거실, 사무실, 작은 매장 배경, 자연광, 과한 광고 느낌 없는 현실적인 분위기.","제품 상세정보와 현재 가격은 아래 링크에서 바로 확인 가능","이 포스팅은 쿠팡 파트너스 활동의 일환으로, 이에 따른 일정액의 수수료를 제공받습니다.","로켓배송>가전디지털>계절가전","계절가전","","","","",""
"한경희생활과학 초미세풍 발터치 리모컨 선풍기, HAAN-HDC230(화이트)","한경희생활과학 초미세풍 발터치 리모컨 선풍기 HDC230","https://www.coupang.com/vp/products/8049298764?itemId=22568615219","https://www.coupang.com/vp/products/8049298764?itemId=22568615219","","8049298764","22568615219","계절가전","39,900원","34","로켓배송, 내일도착","4.5","6884","405.0","high","3만-7만원대","선풍기/서큘레이터","여름","자취생, 사무실 사용자, 더위를 많이 타는 사람","원룸, 책상, 거실","여름철 방 안 공기가 답답하고 열감이 잘 빠지지 않을 때","소음이나 바람 세기가 애매하면 틀어두고 쓰기 불편함","좁은 공간에서도 체감 시원함을 만들기 좋음","상황에 따라 이동하거나 방향 조절하기 편함","전기요금 부담을 비교적 덜 느끼기 쉬움","냉방기기 대체재라기보다 보조용으로 보는 편이 맞음","문제해결형 추천","구매 전 확인할 조건을 정리하는 체크리스트형","자취생, 사무실 사용자, 더위를 많이 타는 사람 기준으로 한경희생활과학 초미세풍 발터치 리모컨 선풍기 HDC230 고를 때 보기 쉬운 구매 전 체크","한경희생활과학 초미세풍 발터치 리모컨 선풍기 HDC230를 실제 생활 공간에서 사용하는 한국형 라이프스타일 장면. 원룸, 책상, 거실 배경, 자연광, 과한 광고 느낌 없는 현실적인 분위기.","제품 상세정보와 현재 가격은 아래 링크에서 바로 확인 가능","이 포스팅은 쿠팡 파트너스 활동의 일환으로, 이에 따른 일정액의 수수료를 제공받습니다.","로켓배송>가전디지털>계절가전","계절가전","","","","",""
"구스페리 무선 탁상용 선풍기, MCF-001, 블랙","구스페리 무선 탁상용 선풍기","https://www.coupang.com/vp/products/8774310026?itemId=25525188064","https://www.coupang.com/vp/products/8774310026?itemId=25525188064","","8774310026","25525188064","계절가전","14,400원","72","로켓배송, 내일도착","4.5","863","164.78","high","1만-3만원대","선풍기/서큘레이터","여름","자취생, 사무실 사용자, 더위를 많이 타는 사람","원룸, 책상, 거실","여름철 방 안 공기가 답답하고 열감이 잘 빠지지 않을 때","소음이나 바람 세기가 애매하면 틀어두고 쓰기 불편함","좁은 공간에서도 체감 시원함을 만들기 좋음","상황에 따라 이동하거나 방향 조절하기 편함","전기요금 부담을 비교적 덜 느끼기 쉬움","냉방기기 대체재라기보다 보조용으로 보는 편이 맞음","문제해결형 추천","구매 전 확인할 조건을 정리하는 체크리스트형","자취생, 사무실 사용자, 더위를 많이 타는 사람 기준으로 구스페리 무선 탁상용 선풍기 고를 때 보기 쉬운 구매 전 체크","구스페리 무선 탁상용 선풍기를 실제 생활 공간에서 사용하는 한국형 라이프스타일 장면. 원룸, 책상, 거실 배경, 자연광, 과한 광고 느낌 없는 현실적인 분위기.","제품 상세정보와 현재 가격은 아래 링크에서 바로 확인 가능","이 포스팅은 쿠팡 파트너스 활동의 일환으로, 이에 따른 일정액의 수수료를 제공받습니다.","로켓배송>가전디지털>계절가전","계절가전","","","","",""
"NUNUHANA 고속 저소음 미니 접이식 탁상선풍기 R11, 베이지","NUNUHANA 고속 저소음 미니 탁상선풍기 R11","https://www.coupang.com/vp/products/7994400857?itemId=22231812828","https://www.coupang.com/vp/products/7994400857?itemId=22231812828","","7994400857","22231812828","계절가전","14,800원","68","로켓판매자, 내일도착","4.5","834","171.04","high","1만-3만원대","선풍기/서큘레이터","여름","자취생, 사무실 사용자, 더위를 많이 타는 사람","원룸, 책상, 거실","여름철 방 안 공기가 답답하고 열감이 잘 빠지지 않을 때","소음이나 바람 세기가 애매하면 틀어두고 쓰기 불편함","좁은 공간에서도 체감 시원함을 만들기 좋음","상황에 따라 이동하거나 방향 조절하기 편함","전기요금 부담을 비교적 덜 느끼기 쉬움","냉방기기 대체재라기보다 보조용으로 보는 편이 맞음","문제해결형 추천","구매 전 확인할 조건을 정리하는 체크리스트형","자취생, 사무실 사용자, 더위를 많이 타는 사람 기준으로 NUNUHANA 고속 저소음 미니 탁상선풍기 R11 고를 때 보기 쉬운 구매 전 체크","NUNUHANA 고속 저소음 미니 탁상선풍기 R11를 실제 생활 공간에서 사용하는 한국형 라이프스타일 장면. 원룸, 책상, 거실 배경, 자연광, 과한 광고 느낌 없는 현실적인 분위기.","제품 상세정보와 현재 가격은 아래 링크에서 바로 확인 가능","이 포스팅은 쿠팡 파트너스 활동의 일환으로, 이에 따른 일정액의 수수료를 제공받습니다.","로켓배송>가전디지털>계절가전","계절가전","","","","",""
"아이홈즈 에어컨 벽걸이 바람막이 듀얼 팬 에어컨 가드, 1개, 투명","아이홈즈 에어컨 벽걸이 바람막이","https://www.coupang.com/vp/products/8707496070?itemId=25287571251","https://www.coupang.com/vp/products/8707496070?itemId=25287571251","","8707496070","25287571251","계절가전","9,900원","50","로켓판매자, 내일도착","4.5","242","109.52","medium","1만원 미만","에어컨/냉난방기","여름, 장마철","원룸, 거실, 사무실처럼 공간 크기에 맞는 냉방 제품을 찾는 사람","원룸, 거실, 사무실, 작은 매장","여름 전기요금과 설치 조건을 같이 보면서 냉방 제품을 골라야 할 때","평수, 설치 방식, 배관 조건을 놓치면 가격보다 설치에서 더 크게 막힐 수 있음","공간 면적과 설치 조건을 기준으로 판단하기 좋음","방문설치, 이동식, 창문형처럼 상황별 선택지가 분명함","계절 수요가 강해 구매 전 검색 의도가 뚜렷함","설치비, 배관형, 실외기 위치, 전기요금 부담은 반드시 따로 확인해야 함","문제해결형 추천","구매 전 확인할 조건을 정리하는 체크리스트형","원룸, 거실, 사무실처럼 공간 크기에 맞는 냉방 제품을 찾는 사람 기준으로 아이홈즈 에어컨 벽걸이 바람막이 고를 때 보기 쉬운 구매 전 체크","아이홈즈 에어컨 벽걸이 바람막이를 실제 생활 공간에서 사용하는 한국형 라이프스타일 장면. 원룸, 거실, 사무실, 작은 매장 배경, 자연광, 과한 광고 느낌 없는 현실적인 분위기.","제품 상세정보와 현재 가격은 아래 링크에서 바로 확인 가능","이 포스팅은 쿠팡 파트너스 활동의 일환으로, 이에 따른 일정액의 수수료를 제공받습니다.","로켓배송>가전디지털>계절가전","계절가전","","","","",""
"1+1 사무실 미니 저소음 탁상용 선풍기, USB 미니 선풍기, 네이비","사무실 미니 저소음 탁상용 선풍기","https://www.coupang.com/vp/products/5572691640?itemId=8881414341","https://www.coupang.com/vp/products/5572691640?itemId=8881414341","","5572691640","8881414341","계절가전","11,560원","27","로켓판매자, 내일도착","4.0","1064","182.84","medium","1만-3만원대","선풍기/서큘레이터","여름","자취생, 사무실 사용자, 더위를 많이 타는 사람","원룸, 책상, 거실","여름철 방 안 공기가 답답하고 열감이 잘 빠지지 않을 때","소음이나 바람 세기가 애매하면 틀어두고 쓰기 불편함","좁은 공간에서도 체감 시원함을 만들기 좋음","상황에 따라 이동하거나 방향 조절하기 편함","전기요금 부담을 비교적 덜 느끼기 쉬움","냉방기기 대체재라기보다 보조용으로 보는 편이 맞음","문제해결형 추천","구매 전 확인할 조건을 정리하는 체크리스트형","자취생, 사무실 사용자, 더위를 많이 타는 사람 기준으로 사무실 미니 저소음 탁상용 선풍기 고를 때 보기 쉬운 구매 전 체크","사무실 미니 저소음 탁상용 선풍기를 실제 생활 공간에서 사용하는 한국형 라이프스타일 장면. 원룸, 책상, 거실 배경, 자연광, 과한 광고 느낌 없는 현실적인 분위기.","제품 상세정보와 현재 가격은 아래 링크에서 바로 확인 가능","이 포스팅은 쿠팡 파트너스 활동의 일환으로, 이에 따른 일정액의 수수료를 제공받습니다.","로켓배송>가전디지털>계절가전","계절가전","","","","",""
"듀플렉스 휴대용 클립형 선풍기, DP-488MF, 화이트","듀플렉스 휴대용 클립형 선풍기 488MF","https://www.coupang.com/vp/products/6674030389?itemId=15365046740","https://www.coupang.com/vp/products/6674030389?itemId=15365046740","","6674030389","15365046740","계절가전","17,800원","64","로켓배송, 내일도착","5.0","2653","282.18","high","1만-3만원대","선풍기/서큘레이터","여름","자취생, 사무실 사용자, 더위를 많이 타는 사람","원룸, 책상, 거실","여름철 방 안 공기가 답답하고 열감이 잘 빠지지 않을 때","소음이나 바람 세기가 애매하면 틀어두고 쓰기 불편함","좁은 공간에서도 체감 시원함을 만들기 좋음","상황에 따라 이동하거나 방향 조절하기 편함","전기요금 부담을 비교적 덜 느끼기 쉬움","냉방기기 대체재라기보다 보조용으로 보는 편이 맞음","문제해결형 추천","구매 전 확인할 조건을 정리하는 체크리스트형","자취생, 사무실 사용자, 더위를 많이 타는 사람 기준으로 듀플렉스 휴대용 클립형 선풍기 488MF 고를 때 보기 쉬운 구매 전 체크","듀플렉스 휴대용 클립형 선풍기 488MF를 실제 생활 공간에서 사용하는 한국형 라이프스타일 장면. 원룸, 책상, 거실 배경, 자연광, 과한 광고 느낌 없는 현실적인 분위기.","제품 상세정보와 현재 가격은 아래 링크에서 바로 확인 가능","이 포스팅은 쿠팡 파트너스 활동의 일환으로, 이에 따른 일정액의 수수료를 제공받습니다.","로켓배송>가전디지털>계절가전","계절가전","","","","",""
"ROYAI ONE 무선 미니 클립형 선풍기 휴대용 캠핑 써큘레이터, 흰색, B","ROYAI ONE 무선 미니 선풍기","https://www.coupang.com/vp/products/9502835034?itemId=28311959810","https://www.coupang.com/vp/products/9502835034?itemId=28311959810","","9502835034","28311959810","계절가전","7,900원","50","로켓판매자, 내일도착","5.0","284","138.04","medium","1만원 미만","선풍기/서큘레이터","여름","자취생, 사무실 사용자, 더위를 많이 타는 사람","원룸, 책상, 거실","여름철 방 안 공기가 답답하고 열감이 잘 빠지지 않을 때","소음이나 바람 세기가 애매하면 틀어두고 쓰기 불편함","좁은 공간에서도 체감 시원함을 만들기 좋음","상황에 따라 이동하거나 방향 조절하기 편함","전기요금 부담을 비교적 덜 느끼기 쉬움","냉방기기 대체재라기보다 보조용으로 보는 편이 맞음","문제해결형 추천","구매 전 확인할 조건을 정리하는 체크리스트형","자취생, 사무실 사용자, 더위를 많이 타는 사람 기준으로 ROYAI ONE 무선 미니 선풍기 고를 때 보기 쉬운 구매 전 체크","ROYAI ONE 무선 미니 선풍기를 실제 생활 공간에서 사용하는 한국형 라이프스타일 장면. 원룸, 책상, 거실 배경, 자연광, 과한 광고 느낌 없는 현실적인 분위기.","제품 상세정보와 현재 가격은 아래 링크에서 바로 확인 가능","이 포스팅은 쿠팡 파트너스 활동의 일환으로, 이에 따른 일정액의 수수료를 제공받습니다.","로켓배송>가전디지털>계절가전","계절가전","","","","",""
"구스페리 저소음 경량 미니 핸디 무선 손선풍기, MCF-003, 네이비","구스페리 저소음 경량 미니 손선풍기","https://www.coupang.com/vp/products/8783353085?itemId=25557205704","https://www.coupang.com/vp/products/8783353085?itemId=25557205704","","8783353085","25557205704","계절가전","7,490원","48","로켓배송, 내일도착","5.0","827","170.62","high","1만원 미만","선풍기/서큘레이터","여름","자취생, 사무실 사용자, 더위를 많이 타는 사람","원룸, 책상, 거실","여름철 방 안 공기가 답답하고 열감이 잘 빠지지 않을 때","소음이나 바람 세기가 애매하면 틀어두고 쓰기 불편함","좁은 공간에서도 체감 시원함을 만들기 좋음","상황에 따라 이동하거나 방향 조절하기 편함","전기요금 부담을 비교적 덜 느끼기 쉬움","냉방기기 대체재라기보다 보조용으로 보는 편이 맞음","문제해결형 추천","구매 전 확인할 조건을 정리하는 체크리스트형","자취생, 사무실 사용자, 더위를 많이 타는 사람 기준으로 구스페리 저소음 경량 미니 손선풍기 고를 때 보기 쉬운 구매 전 체크","구스페리 저소음 경량 미니 손선풍기를 실제 생활 공간에서 사용하는 한국형 라이프스타일 장면. 원룸, 책상, 거실 배경, 자연광, 과한 광고 느낌 없는 현실적인 분위기.","제품 상세정보와 현재 가격은 아래 링크에서 바로 확인 가능","이 포스팅은 쿠팡 파트너스 활동의 일환으로, 이에 따른 일정액의 수수료를 제공받습니다.","로켓배송>가전디지털>계절가전","계절가전","","","","",""
"유니맥스 발터치 리모콘 선풍기, UMF-16408R-M","유니맥스 발터치 리모콘 선풍기 16408R","https://www.coupang.com/vp/products/8115220456?itemId=23006148238","https://www.coupang.com/vp/products/8115220456?itemId=23006148238","","8115220456","23006148238","계절가전","37,900원","50","로켓배송, 내일도착","4.5","29903","405.0","high","3만-7만원대","선풍기/서큘레이터","여름","자취생, 사무실 사용자, 더위를 많이 타는 사람","원룸, 책상, 거실","여름철 방 안 공기가 답답하고 열감이 잘 빠지지 않을 때","소음이나 바람 세기가 애매하면 틀어두고 쓰기 불편함","좁은 공간에서도 체감 시원함을 만들기 좋음","상황에 따라 이동하거나 방향 조절하기 편함","전기요금 부담을 비교적 덜 느끼기 쉬움","냉방기기 대체재라기보다 보조용으로 보는 편이 맞음","문제해결형 추천","구매 전 확인할 조건을 정리하는 체크리스트형","자취생, 사무실 사용자, 더위를 많이 타는 사람 기준으로 유니맥스 발터치 리모콘 선풍기 16408R 고를 때 보기 쉬운 구매 전 체크","유니맥스 발터치 리모콘 선풍기 16408R를 실제 생활 공간에서 사용하는 한국형 라이프스타일 장면. 원룸, 책상, 거실 배경, 자연광, 과한 광고 느낌 없는 현실적인 분위기.","제품 상세정보와 현재 가격은 아래 링크에서 바로 확인 가능","이 포스팅은 쿠팡 파트너스 활동의 일환으로, 이에 따른 일정액의 수수료를 제공받습니다.","로켓배송>가전디지털>계절가전","계절가전","","","","",""
"엔보우 모노미니 탁상용 무선 선풍기, MONO MINI, 화이트","엔보우 모노미니 탁상용 무선 선풍기","https://www.coupang.com/vp/products/8159651990?itemId=23257490210","https://www.coupang.com/vp/products/8159651990?itemId=23257490210","","8159651990","23257490210","계절가전","14,900원","0","로켓배송, 내일도착","5.0","1287","208.22","high","1만-3만원대","선풍기/서큘레이터","여름","자취생, 사무실 사용자, 더위를 많이 타는 사람","원룸, 책상, 거실","여름철 방 안 공기가 답답하고 열감이 잘 빠지지 않을 때","소음이나 바람 세기가 애매하면 틀어두고 쓰기 불편함","좁은 공간에서도 체감 시원함을 만들기 좋음","상황에 따라 이동하거나 방향 조절하기 편함","전기요금 부담을 비교적 덜 느끼기 쉬움","냉방기기 대체재라기보다 보조용으로 보는 편이 맞음","문제해결형 추천","구매 전 확인할 조건을 정리하는 체크리스트형","자취생, 사무실 사용자, 더위를 많이 타는 사람 기준으로 엔보우 모노미니 탁상용 무선 선풍기 고를 때 보기 쉬운 구매 전 체크","엔보우 모노미니 탁상용 무선 선풍기를 실제 생활 공간에서 사용하는 한국형 라이프스타일 장면. 원룸, 책상, 거실 배경, 자연광, 과한 광고 느낌 없는 현실적인 분위기.","제품 상세정보와 현재 가격은 아래 링크에서 바로 확인 가능","이 포스팅은 쿠팡 파트너스 활동의 일환으로, 이에 따른 일정액의 수수료를 제공받습니다.","로켓배송>가전디지털>계절가전","계절가전","","","","",""
"시프이컴 2in1 탁상형 집게형 미니 선풍기, TS-6, 그레이","시프이컴 2in1 탁상형 집게형 선풍기","https://www.coupang.com/vp/products/5258115366?itemId=7464089321","https://www.coupang.com/vp/products/5258115366?itemId=7464089321","","5258115366","7464089321","계절가전","14,900원","50","로켓배송, 내일도착","4.5","3615","321.9","high","1만-3만원대","선풍기/서큘레이터","여름","자취생, 사무실 사용자, 더위를 많이 타는 사람","원룸, 책상, 거실","여름철 방 안 공기가 답답하고 열감이 잘 빠지지 않을 때","소음이나 바람 세기가 애매하면 틀어두고 쓰기 불편함","좁은 공간에서도 체감 시원함을 만들기 좋음","상황에 따라 이동하거나 방향 조절하기 편함","전기요금 부담을 비교적 덜 느끼기 쉬움","냉방기기 대체재라기보다 보조용으로 보는 편이 맞음","문제해결형 추천","구매 전 확인할 조건을 정리하는 체크리스트형","자취생, 사무실 사용자, 더위를 많이 타는 사람 기준으로 시프이컴 2in1 탁상형 집게형 선풍기 고를 때 보기 쉬운 구매 전 체크","시프이컴 2in1 탁상형 집게형 선풍기를 실제 생활 공간에서 사용하는 한국형 라이프스타일 장면. 원룸, 책상, 거실 배경, 자연광, 과한 광고 느낌 없는 현실적인 분위기.","제품 상세정보와 현재 가격은 아래 링크에서 바로 확인 가능","이 포스팅은 쿠팡 파트너스 활동의 일환으로, 이에 따른 일정액의 수수료를 제공받습니다.","로켓배송>가전디지털>계절가전","계절가전","","","","",""
"에어보나 스탠드형 리모컨 써큘레이터, AB-20CFR","에어보나 스탠드형 리모컨 써큘레이터 20CFR","https://www.coupang.com/vp/products/6480780659?itemId=14186490127","https://www.coupang.com/vp/products/6480780659?itemId=14186490127","","6480780659","14186490127","계절가전","42,800원","67","로켓배송, 내일도착","4.5","2642","263.52","high","3만-7만원대","선풍기/서큘레이터","여름","자취생, 사무실 사용자, 더위를 많이 타는 사람","원룸, 책상, 거실","여름철 방 안 공기가 답답하고 열감이 잘 빠지지 않을 때","소음이나 바람 세기가 애매하면 틀어두고 쓰기 불편함","좁은 공간에서도 체감 시원함을 만들기 좋음","상황에 따라 이동하거나 방향 조절하기 편함","전기요금 부담을 비교적 덜 느끼기 쉬움","냉방기기 대체재라기보다 보조용으로 보는 편이 맞음","문제해결형 추천","구매 전 확인할 조건을 정리하는 체크리스트형","자취생, 사무실 사용자, 더위를 많이 타는 사람 기준으로 에어보나 스탠드형 리모컨 써큘레이터 20CFR 고를 때 보기 쉬운 구매 전 체크","에어보나 스탠드형 리모컨 써큘레이터 20CFR를 실제 생활 공간에서 사용하는 한국형 라이프스타일 장면. 원룸, 책상, 거실 배경, 자연광, 과한 광고 느낌 없는 현실적인 분위기.","제품 상세정보와 현재 가격은 아래 링크에서 바로 확인 가능","이 포스팅은 쿠팡 파트너스 활동의 일환으로, 이에 따른 일정액의 수수료를 제공받습니다.","로켓배송>가전디지털>계절가전","계절가전","","","","",""
"일리온 초경량 미니 휴대용 선풍기 2in1 무선 88g, 화이트","일리온 초경량 미니 휴대용 선풍기 2in1 88g","https://www.coupang.com/vp/products/8818876398?itemId=25691265574","https://www.coupang.com/vp/products/8818876398?itemId=25691265574","","8818876398","25691265574","계절가전","9,900원","41","로켓배송, 내일도착","4.5","117","118.02","medium","1만원 미만","선풍기/서큘레이터","여름","자취생, 사무실 사용자, 더위를 많이 타는 사람","원룸, 책상, 거실","여름철 방 안 공기가 답답하고 열감이 잘 빠지지 않을 때","소음이나 바람 세기가 애매하면 틀어두고 쓰기 불편함","좁은 공간에서도 체감 시원함을 만들기 좋음","상황에 따라 이동하거나 방향 조절하기 편함","전기요금 부담을 비교적 덜 느끼기 쉬움","냉방기기 대체재라기보다 보조용으로 보는 편이 맞음","문제해결형 추천","구매 전 확인할 조건을 정리하는 체크리스트형","자취생, 사무실 사용자, 더위를 많이 타는 사람 기준으로 일리온 초경량 미니 휴대용 선풍기 2in1 88g 고를 때 보기 쉬운 구매 전 체크","일리온 초경량 미니 휴대용 선풍기 2in1 88g를 실제 생활 공간에서 사용하는 한국형 라이프스타일 장면. 원룸, 책상, 거실 배경, 자연광, 과한 광고 느낌 없는 현실적인 분위기.","제품 상세정보와 현재 가격은 아래 링크에서 바로 확인 가능","이 포스팅은 쿠팡 파트너스 활동의 일환으로, 이에 따른 일정액의 수수료를 제공받습니다.","로켓배송>가전디지털>계절가전","계절가전","","","","",""
"시프이컴 가정용 실속 가성비 스탠드형 유선 선풍기, CIF-FN02B","시프이컴 실속 가성비 스탠드형 선풍기 FN02B","https://www.coupang.com/vp/products/5345925548?itemId=7850940285","https://www.coupang.com/vp/products/5345925548?itemId=7850940285","","5345925548","7850940285","계절가전","31,890원","28","로켓배송, 내일도착","4.5","6838","413.0","high","3만-7만원대","선풍기/서큘레이터","여름","자취생, 사무실 사용자, 더위를 많이 타는 사람","원룸, 책상, 거실","여름철 방 안 공기가 답답하고 열감이 잘 빠지지 않을 때","소음이나 바람 세기가 애매하면 틀어두고 쓰기 불편함","좁은 공간에서도 체감 시원함을 만들기 좋음","상황에 따라 이동하거나 방향 조절하기 편함","전기요금 부담을 비교적 덜 느끼기 쉬움","냉방기기 대체재라기보다 보조용으로 보는 편이 맞음","문제해결형 추천","구매 전 확인할 조건을 정리하는 체크리스트형","자취생, 사무실 사용자, 더위를 많이 타는 사람 기준으로 시프이컴 실속 가성비 스탠드형 선풍기 FN02B 고를 때 보기 쉬운 구매 전 체크","시프이컴 실속 가성비 스탠드형 선풍기 FN02B를 실제 생활 공간에서 사용하는 한국형 라이프스타일 장면. 원룸, 책상, 거실 배경, 자연광, 과한 광고 느낌 없는 현실적인 분위기.","제품 상세정보와 현재 가격은 아래 링크에서 바로 확인 가능","이 포스팅은 쿠팡 파트너스 활동의 일환으로, 이에 따른 일정액의 수수료를 제공받습니다.","로켓배송>가전디지털>계절가전","계절가전","","","","",""
"유니맥스 초미풍 발터치 리모콘 선풍기, UMF-16408R","유니맥스 초미풍 발터치 리모콘 선풍기 16408R","https://www.coupang.com/vp/products/8115220456?itemId=18817830","https://www.coupang.com/vp/products/8115220456?itemId=18817830","","8115220456","18817830","계절가전","36,900원","52","로켓배송, 내일도착","4.5","29903","405.0","high","3만-7만원대","선풍기/서큘레이터","여름","자취생, 사무실 사용자, 더위를 많이 타는 사람","원룸, 책상, 거실","여름철 방 안 공기가 답답하고 열감이 잘 빠지지 않을 때","소음이나 바람 세기가 애매하면 틀어두고 쓰기 불편함","좁은 공간에서도 체감 시원함을 만들기 좋음","상황에 따라 이동하거나 방향 조절하기 편함","전기요금 부담을 비교적 덜 느끼기 쉬움","냉방기기 대체재라기보다 보조용으로 보는 편이 맞음","문제해결형 추천","구매 전 확인할 조건을 정리하는 체크리스트형","자취생, 사무실 사용자, 더위를 많이 타는 사람 기준으로 유니맥스 초미풍 발터치 리모콘 선풍기 16408R 고를 때 보기 쉬운 구매 전 체크","유니맥스 초미풍 발터치 리모콘 선풍기 16408R를 실제 생활 공간에서 사용하는 한국형 라이프스타일 장면. 원룸, 책상, 거실 배경, 자연광, 과한 광고 느낌 없는 현실적인 분위기.","제품 상세정보와 현재 가격은 아래 링크에서 바로 확인 가능","이 포스팅은 쿠팡 파트너스 활동의 일환으로, 이에 따른 일정액의 수수료를 제공받습니다.","로켓배송>가전디지털>계절가전","계절가전","","","","",""
"크레모아 클립팬 휴대용 선풍기, CLFN-CL01B, 혼합색상","크레모아 클립팬 휴대용 선풍기 CL01B","https://www.coupang.com/vp/products/8678447487?itemId=25192437708","https://www.coupang.com/vp/products/8678447487?itemId=25192437708","","8678447487","25192437708","계절가전","27,200원","0","로켓배송, 내일도착","4.5","495","142.7","high","1만-3만원대","선풍기/서큘레이터","여름","자취생, 사무실 사용자, 더위를 많이 타는 사람","원룸, 책상, 거실","여름철 방 안 공기가 답답하고 열감이 잘 빠지지 않을 때","소음이나 바람 세기가 애매하면 틀어두고 쓰기 불편함","좁은 공간에서도 체감 시원함을 만들기 좋음","상황에 따라 이동하거나 방향 조절하기 편함","전기요금 부담을 비교적 덜 느끼기 쉬움","냉방기기 대체재라기보다 보조용으로 보는 편이 맞음","문제해결형 추천","구매 전 확인할 조건을 정리하는 체크리스트형","자취생, 사무실 사용자, 더위를 많이 타는 사람 기준으로 크레모아 클립팬 휴대용 선풍기 CL01B 고를 때 보기 쉬운 구매 전 체크","크레모아 클립팬 휴대용 선풍기 CL01B를 실제 생활 공간에서 사용하는 한국형 라이프스타일 장면. 원룸, 책상, 거실 배경, 자연광, 과한 광고 느낌 없는 현실적인 분위기.","제품 상세정보와 현재 가격은 아래 링크에서 바로 확인 가능","이 포스팅은 쿠팡 파트너스 활동의 일환으로, 이에 따른 일정액의 수수료를 제공받습니다.","로켓배송>가전디지털>계절가전","계절가전","","","","",""
"홈플래닛 탁상용 접이식 미니 선풍기 (휴대 스탠드 핸즈프리), NBC7166, 화이트","홈플래닛 탁상용 접이식 미니 선풍기 NBC7166","https://www.coupang.com/vp/products/1471758571?itemId=2529967077","https://www.coupang.com/vp/products/1471758571?itemId=2529967077","","1471758571","2529967077","계절가전","12,990원","43","로켓배송, 내일도착","5.0","5811","423.0","high","1만-3만원대","선풍기/서큘레이터","여름","자취생, 사무실 사용자, 더위를 많이 타는 사람","원룸, 책상, 거실","여름철 방 안 공기가 답답하고 열감이 잘 빠지지 않을 때","소음이나 바람 세기가 애매하면 틀어두고 쓰기 불편함","좁은 공간에서도 체감 시원함을 만들기 좋음","상황에 따라 이동하거나 방향 조절하기 편함","전기요금 부담을 비교적 덜 느끼기 쉬움","냉방기기 대체재라기보다 보조용으로 보는 편이 맞음","문제해결형 추천","구매 전 확인할 조건을 정리하는 체크리스트형","자취생, 사무실 사용자, 더위를 많이 타는 사람 기준으로 홈플래닛 탁상용 접이식 미니 선풍기 NBC7166 고를 때 보기 쉬운 구매 전 체크","홈플래닛 탁상용 접이식 미니 선풍기 NBC7166를 실제 생활 공간에서 사용하는 한국형 라이프스타일 장면. 원룸, 책상, 거실 배경, 자연광, 과한 광고 느낌 없는 현실적인 분위기.","제품 상세정보와 현재 가격은 아래 링크에서 바로 확인 가능","이 포스팅은 쿠팡 파트너스 활동의 일환으로, 이에 따른 일정액의 수수료를 제공받습니다.","로켓배송>가전디지털>계절가전","계절가전","","","","",""
"날개없는 선풍기 무풍 저소음 아기 신생아 리모컨 가정용 타워형 스탠드, 1개, 화이트","날개없는 선풍기 무풍 저소음 리모컨","https://www.coupang.com/vp/products/8085515094?itemId=25100513178","https://www.coupang.com/vp/products/8085515094?itemId=25100513178","","8085515094","25100513178","계절가전","86,900원","37","로켓판매자, 내일도착","4.5","992","172.52","high","7만-15만원대","선풍기/서큘레이터","여름","자취생, 사무실 사용자, 더위를 많이 타는 사람","원룸, 책상, 거실","여름철 방 안 공기가 답답하고 열감이 잘 빠지지 않을 때","소음이나 바람 세기가 애매하면 틀어두고 쓰기 불편함","좁은 공간에서도 체감 시원함을 만들기 좋음","상황에 따라 이동하거나 방향 조절하기 편함","전기요금 부담을 비교적 덜 느끼기 쉬움","냉방기기 대체재라기보다 보조용으로 보는 편이 맞음","문제해결형 추천","구매 전 확인할 조건을 정리하는 체크리스트형","자취생, 사무실 사용자, 더위를 많이 타는 사람 기준으로 날개없는 선풍기 무풍 저소음 리모컨 고를 때 보기 쉬운 구매 전 체크","날개없는 선풍기 무풍 저소음 리모컨를 실제 생활 공간에서 사용하는 한국형 라이프스타일 장면. 원룸, 책상, 거실 배경, 자연광, 과한 광고 느낌 없는 현실적인 분위기.","제품 상세정보와 현재 가격은 아래 링크에서 바로 확인 가능","이 포스팅은 쿠팡 파트너스 활동의 일환으로, 이에 따른 일정액의 수수료를 제공받습니다.","로켓배송>가전디지털>계절가전","계절가전","","","","",""
"누아트 에어릿 초경량 2in1 미니 무선 휴대용 선풍기 88g, 화이트","누아트 에어릿 초경량 2in1 선풍기 88g","https://www.coupang.com/vp/products/8805116872?itemId=25643373255","https://www.coupang.com/vp/products/8805116872?itemId=25643373255","","8805116872","25643373255","계절가전","6,500원","73","로켓배송, 내일도착","4.5","136","103.16","medium","1만원 미만","선풍기/서큘레이터","여름","자취생, 사무실 사용자, 더위를 많이 타는 사람","원룸, 책상, 거실","여름철 방 안 공기가 답답하고 열감이 잘 빠지지 않을 때","소음이나 바람 세기가 애매하면 틀어두고 쓰기 불편함","좁은 공간에서도 체감 시원함을 만들기 좋음","상황에 따라 이동하거나 방향 조절하기 편함","전기요금 부담을 비교적 덜 느끼기 쉬움","냉방기기 대체재라기보다 보조용으로 보는 편이 맞음","문제해결형 추천","구매 전 확인할 조건을 정리하는 체크리스트형","자취생, 사무실 사용자, 더위를 많이 타는 사람 기준으로 누아트 에어릿 초경량 2in1 선풍기 88g 고를 때 보기 쉬운 구매 전 체크","누아트 에어릿 초경량 2in1 선풍기 88g를 실제 생활 공간에서 사용하는 한국형 라이프스타일 장면. 원룸, 책상, 거실 배경, 자연광, 과한 광고 느낌 없는 현실적인 분위기.","제품 상세정보와 현재 가격은 아래 링크에서 바로 확인 가능","이 포스팅은 쿠팡 파트너스 활동의 일환으로, 이에 따른 일정액의 수수료를 제공받습니다.","로켓배송>가전디지털>계절가전","계절가전","","","","",""
"Darlisex 에어 서큘레이터 저소음 무선 써큘레이터 + 리모컨, F268A-화이트","Darlisex 에어 서큘레이터 저소음 리모컨 F268A","https://www.coupang.com/vp/products/8665963727?itemId=25560363787","https://www.coupang.com/vp/products/8665963727?itemId=25560363787","","8665963727","25560363787","계절가전","34,200원","35","로켓판매자, 내일도착","5.0","1047","185.82","high","3만-7만원대","선풍기/서큘레이터","여름","자취생, 사무실 사용자, 더위를 많이 타는 사람","원룸, 책상, 거실","여름철 방 안 공기가 답답하고 열감이 잘 빠지지 않을 때","소음이나 바람 세기가 애매하면 틀어두고 쓰기 불편함","좁은 공간에서도 체감 시원함을 만들기 좋음","상황에 따라 이동하거나 방향 조절하기 편함","전기요금 부담을 비교적 덜 느끼기 쉬움","냉방기기 대체재라기보다 보조용으로 보는 편이 맞음","문제해결형 추천","구매 전 확인할 조건을 정리하는 체크리스트형","자취생, 사무실 사용자, 더위를 많이 타는 사람 기준으로 Darlisex 에어 서큘레이터 저소음 리모컨 F268A 고를 때 보기 쉬운 구매 전 체크","Darlisex 에어 서큘레이터 저소음 리모컨 F268A를 실제 생활 공간에서 사용하는 한국형 라이프스타일 장면. 원룸, 책상, 거실 배경, 자연광, 과한 광고 느낌 없는 현실적인 분위기.","제품 상세정보와 현재 가격은 아래 링크에서 바로 확인 가능","이 포스팅은 쿠팡 파트너스 활동의 일환으로, 이에 따른 일정액의 수수료를 제공받습니다.","로켓배송>가전디지털>계절가전","계절가전","","","","",""
"로즌 100단 초강력 휴대용선풍기 접이식 저소음 손선풍기 미니 핸디 핸드 탁상용 목걸이, 스노우 화이트","로즌 100단 초강력 휴대용선풍기 손선풍기","https://www.coupang.com/vp/products/8865690271?itemId=25855578076","https://www.coupang.com/vp/products/8865690271?itemId=25855578076","","8865690271","25855578076","계절가전","25,850원","63","로켓판매자, 내일도착","5.0","302","141.12","high","1만-3만원대","선풍기/서큘레이터","여름","자취생, 사무실 사용자, 더위를 많이 타는 사람","원룸, 책상, 거실","여름철 방 안 공기가 답답하고 열감이 잘 빠지지 않을 때","소음이나 바람 세기가 애매하면 틀어두고 쓰기 불편함","좁은 공간에서도 체감 시원함을 만들기 좋음","상황에 따라 이동하거나 방향 조절하기 편함","전기요금 부담을 비교적 덜 느끼기 쉬움","냉방기기 대체재라기보다 보조용으로 보는 편이 맞음","문제해결형 추천","구매 전 확인할 조건을 정리하는 체크리스트형","자취생, 사무실 사용자, 더위를 많이 타는 사람 기준으로 로즌 100단 초강력 휴대용선풍기 손선풍기 고를 때 보기 쉬운 구매 전 체크","로즌 100단 초강력 휴대용선풍기 손선풍기를 실제 생활 공간에서 사용하는 한국형 라이프스타일 장면. 원룸, 책상, 거실 배경, 자연광, 과한 광고 느낌 없는 현실적인 분위기.","제품 상세정보와 현재 가격은 아래 링크에서 바로 확인 가능","이 포스팅은 쿠팡 파트너스 활동의 일환으로, 이에 따른 일정액의 수수료를 제공받습니다.","로켓배송>가전디지털>계절가전","계절가전","","","","",""
"카론슨 AURA 휴대용 탁상 선풍기, KA-FAN AU, 다크 네이비","카론슨 AURA 휴대용 탁상 선풍기","https://www.coupang.com/vp/products/6695190878?itemId=15486451824","https://www.coupang.com/vp/products/6695190878?itemId=15486451824","","6695190878","15486451824","계절가전","9,500원","0","로켓배송, 내일도착","4.5","69","107.14","medium","1만원 미만","선풍기/서큘레이터","여름","자취생, 사무실 사용자, 더위를 많이 타는 사람","원룸, 책상, 거실","여름철 방 안 공기가 답답하고 열감이 잘 빠지지 않을 때","소음이나 바람 세기가 애매하면 틀어두고 쓰기 불편함","좁은 공간에서도 체감 시원함을 만들기 좋음","상황에 따라 이동하거나 방향 조절하기 편함","전기요금 부담을 비교적 덜 느끼기 쉬움","냉방기기 대체재라기보다 보조용으로 보는 편이 맞음","문제해결형 추천","구매 전 확인할 조건을 정리하는 체크리스트형","자취생, 사무실 사용자, 더위를 많이 타는 사람 기준으로 카론슨 AURA 휴대용 탁상 선풍기 고를 때 보기 쉬운 구매 전 체크","카론슨 AURA 휴대용 탁상 선풍기를 실제 생활 공간에서 사용하는 한국형 라이프스타일 장면. 원룸, 책상, 거실 배경, 자연광, 과한 광고 느낌 없는 현실적인 분위기.","제품 상세정보와 현재 가격은 아래 링크에서 바로 확인 가능","이 포스팅은 쿠팡 파트너스 활동의 일환으로, 이에 따른 일정액의 수수료를 제공받습니다.","로켓배송>가전디지털>계절가전","계절가전","","","","",""
"한경희생활과학 서큘레이터형 발터치 리모컨 선풍기, HA-HDC520","한경희생활과학 서큘레이터형 발터치 리모컨 HDC520","https://www.coupang.com/vp/products/9461484487?itemId=28152392180","https://www.coupang.com/vp/products/9461484487?itemId=28152392180","","9461484487","28152392180","계절가전","39,900원","42","로켓배송, 내일도착","4.5","56","108.36","medium","3만-7만원대","선풍기/서큘레이터","여름","자취생, 사무실 사용자, 더위를 많이 타는 사람","원룸, 책상, 거실","여름철 방 안 공기가 답답하고 열감이 잘 빠지지 않을 때","소음이나 바람 세기가 애매하면 틀어두고 쓰기 불편함","좁은 공간에서도 체감 시원함을 만들기 좋음","상황에 따라 이동하거나 방향 조절하기 편함","전기요금 부담을 비교적 덜 느끼기 쉬움","냉방기기 대체재라기보다 보조용으로 보는 편이 맞음","문제해결형 추천","구매 전 확인할 조건을 정리하는 체크리스트형","자취생, 사무실 사용자, 더위를 많이 타는 사람 기준으로 한경희생활과학 서큘레이터형 발터치 리모컨 HDC520 고를 때 보기 쉬운 구매 전 체크","한경희생활과학 서큘레이터형 발터치 리모컨 HDC520를 실제 생활 공간에서 사용하는 한국형 라이프스타일 장면. 원룸, 책상, 거실 배경, 자연광, 과한 광고 느낌 없는 현실적인 분위기.","제품 상세정보와 현재 가격은 아래 링크에서 바로 확인 가능","이 포스팅은 쿠팡 파트너스 활동의 일환으로, 이에 따른 일정액의 수수료를 제공받습니다.","로켓배송>가전디지털>계절가전","계절가전","","","","",""
"홈플래닛 기본형 스탠드 선풍기, NDL1368","홈플래닛 기본형 스탠드 선풍기 NDL1368","https://www.coupang.com/vp/products/6382601909?itemId=13567810509","https://www.coupang.com/vp/products/6382601909?itemId=13567810509","","6382601909","13567810509","계절가전","27,990원","0","로켓배송, 내일도착","4.5","10461","405.0","high","1만-3만원대","선풍기/서큘레이터","여름","자취생, 사무실 사용자, 더위를 많이 타는 사람","원룸, 책상, 거실","여름철 방 안 공기가 답답하고 열감이 잘 빠지지 않을 때","소음이나 바람 세기가 애매하면 틀어두고 쓰기 불편함","좁은 공간에서도 체감 시원함을 만들기 좋음","상황에 따라 이동하거나 방향 조절하기 편함","전기요금 부담을 비교적 덜 느끼기 쉬움","냉방기기 대체재라기보다 보조용으로 보는 편이 맞음","문제해결형 추천","구매 전 확인할 조건을 정리하는 체크리스트형","자취생, 사무실 사용자, 더위를 많이 타는 사람 기준으로 홈플래닛 기본형 스탠드 선풍기 NDL1368 고를 때 보기 쉬운 구매 전 체크","홈플래닛 기본형 스탠드 선풍기 NDL1368를 실제 생활 공간에서 사용하는 한국형 라이프스타일 장면. 원룸, 책상, 거실 배경, 자연광, 과한 광고 느낌 없는 현실적인 분위기.","제품 상세정보와 현재 가격은 아래 링크에서 바로 확인 가능","이 포스팅은 쿠팡 파트너스 활동의 일환으로, 이에 따른 일정액의 수수료를 제공받습니다.","로켓배송>가전디지털>계절가전","계절가전","","","","",""
"홈플래닛 스탠드형 리모컨 선풍기, NDL2316R","홈플래닛 스탠드형 리모컨 선풍기 NDL2316R","https://www.coupang.com/vp/products/1459643219?itemId=2511597502","https://www.coupang.com/vp/products/1459643219?itemId=2511597502","","1459643219","2511597502","계절가전","32,990원","0","로켓배송, 내일도착","4.5","45101","405.0","high","3만-7만원대","선풍기/서큘레이터","여름","자취생, 사무실 사용자, 더위를 많이 타는 사람","원룸, 책상, 거실","여름철 방 안 공기가 답답하고 열감이 잘 빠지지 않을 때","소음이나 바람 세기가 애매하면 틀어두고 쓰기 불편함","좁은 공간에서도 체감 시원함을 만들기 좋음","상황에 따라 이동하거나 방향 조절하기 편함","전기요금 부담을 비교적 덜 느끼기 쉬움","냉방기기 대체재라기보다 보조용으로 보는 편이 맞음","문제해결형 추천","구매 전 확인할 조건을 정리하는 체크리스트형","자취생, 사무실 사용자, 더위를 많이 타는 사람 기준으로 홈플래닛 스탠드형 리모컨 선풍기 NDL2316R 고를 때 보기 쉬운 구매 전 체크","홈플래닛 스탠드형 리모컨 선풍기 NDL2316R를 실제 생활 공간에서 사용하는 한국형 라이프스타일 장면. 원룸, 책상, 거실 배경, 자연광, 과한 광고 느낌 없는 현실적인 분위기.","제품 상세정보와 현재 가격은 아래 링크에서 바로 확인 가능","이 포스팅은 쿠팡 파트너스 활동의 일환으로, 이에 따른 일정액의 수수료를 제공받습니다.","로켓배송>가전디지털>계절가전","계절가전","","","","",""
"에어보나 리모컨 벽걸이 선풍기, AB-508WR","에어보나 리모컨 벽걸이 선풍기 508WR","https://www.coupang.com/vp/products/8075134678?itemId=22745639169","https://www.coupang.com/vp/products/8075134678?itemId=22745639169","","8075134678","22745639169","계절가전","39,800원","69","로켓배송, 내일도착","5.0","1219","188.14","high","3만-7만원대","선풍기/서큘레이터","여름","자취생, 사무실 사용자, 더위를 많이 타는 사람","원룸, 책상, 거실","여름철 방 안 공기가 답답하고 열감이 잘 빠지지 않을 때","소음이나 바람 세기가 애매하면 틀어두고 쓰기 불편함","좁은 공간에서도 체감 시원함을 만들기 좋음","상황에 따라 이동하거나 방향 조절하기 편함","전기요금 부담을 비교적 덜 느끼기 쉬움","냉방기기 대체재라기보다 보조용으로 보는 편이 맞음","문제해결형 추천","구매 전 확인할 조건을 정리하는 체크리스트형","자취생, 사무실 사용자, 더위를 많이 타는 사람 기준으로 에어보나 리모컨 벽걸이 선풍기 508WR 고를 때 보기 쉬운 구매 전 체크","에어보나 리모컨 벽걸이 선풍기 508WR를 실제 생활 공간에서 사용하는 한국형 라이프스타일 장면. 원룸, 책상, 거실 배경, 자연광, 과한 광고 느낌 없는 현실적인 분위기.","제품 상세정보와 현재 가격은 아래 링크에서 바로 확인 가능","이 포스팅은 쿠팡 파트너스 활동의 일환으로, 이에 따른 일정액의 수수료를 제공받습니다.","로켓배송>가전디지털>계절가전","계절가전","","","","",""
"캐리어 인버터 18.7㎡(5.7평) 벽걸이 에어컨 방문설치, KARB-0062FAWSD, 일반배관형","캐리어 인버터 18 7㎡ 에어컨 0062FAWSD","https://www.coupang.com/vp/products/8736166955?itemId=25389022118","https://www.coupang.com/vp/products/8736166955?itemId=25389022118","","8736166955","25389022118","계절가전","454,520원","5","","4.5","1036","157.16","high","15만-50만원대","에어컨/냉난방기","여름, 장마철","원룸, 거실, 사무실처럼 공간 크기에 맞는 냉방 제품을 찾는 사람","원룸, 거실, 사무실, 작은 매장","여름 전기요금과 설치 조건을 같이 보면서 냉방 제품을 골라야 할 때","평수, 설치 방식, 배관 조건을 놓치면 가격보다 설치에서 더 크게 막힐 수 있음","공간 면적과 설치 조건을 기준으로 판단하기 좋음","방문설치, 이동식, 창문형처럼 상황별 선택지가 분명함","계절 수요가 강해 구매 전 검색 의도가 뚜렷함","설치비, 배관형, 실외기 위치, 전기요금 부담은 반드시 따로 확인해야 함","문제해결형 추천","구매 전 확인할 조건을 정리하는 체크리스트형","원룸, 거실, 사무실처럼 공간 크기에 맞는 냉방 제품을 찾는 사람 기준으로 캐리어 인버터 18 7㎡ 에어컨 0062FAWSD 고를 때 보기 쉬운 구매 전 체크","캐리어 인버터 18 7㎡ 에어컨 0062FAWSD를 실제 생활 공간에서 사용하는 한국형 라이프스타일 장면. 원룸, 거실, 사무실, 작은 매장 배경, 자연광, 과한 광고 느낌 없는 현실적인 분위기.","제품 상세정보와 현재 가격은 아래 링크에서 바로 확인 가능","이 포스팅은 쿠팡 파트너스 활동의 일환으로, 이에 따른 일정액의 수수료를 제공받습니다.","로켓배송>가전디지털>계절가전","계절가전","","","","",""
"홈플래닛 벽걸이형 선풍기, NDB1706","홈플래닛 벽걸이형 선풍기 NDB1706","https://www.coupang.com/vp/products/6382601626?itemId=13567808174","https://www.coupang.com/vp/products/6382601626?itemId=13567808174","","6382601626","13567808174","계절가전","23,990원","0","로켓배송, 내일도착","4.5","3059","288.54","high","1만-3만원대","선풍기/서큘레이터","여름","자취생, 사무실 사용자, 더위를 많이 타는 사람","원룸, 책상, 거실","여름철 방 안 공기가 답답하고 열감이 잘 빠지지 않을 때","소음이나 바람 세기가 애매하면 틀어두고 쓰기 불편함","좁은 공간에서도 체감 시원함을 만들기 좋음","상황에 따라 이동하거나 방향 조절하기 편함","전기요금 부담을 비교적 덜 느끼기 쉬움","냉방기기 대체재라기보다 보조용으로 보는 편이 맞음","문제해결형 추천","구매 전 확인할 조건을 정리하는 체크리스트형","자취생, 사무실 사용자, 더위를 많이 타는 사람 기준으로 홈플래닛 벽걸이형 선풍기 NDB1706 고를 때 보기 쉬운 구매 전 체크","홈플래닛 벽걸이형 선풍기 NDB1706를 실제 생활 공간에서 사용하는 한국형 라이프스타일 장면. 원룸, 책상, 거실 배경, 자연광, 과한 광고 느낌 없는 현실적인 분위기.","제품 상세정보와 현재 가격은 아래 링크에서 바로 확인 가능","이 포스팅은 쿠팡 파트너스 활동의 일환으로, 이에 따른 일정액의 수수료를 제공받습니다.","로켓배송>가전디지털>계절가전","계절가전","","","","",""
"에너자이저 100단 5200mAh 대용량 배터리 급속 냉각 휴대용 손풍기 선풍기, EF5200","에너자이저 100단 5200mAh 배터리 선풍기 EF5200","https://www.coupang.com/vp/products/9502503735?itemId=28310526144","https://www.coupang.com/vp/products/9502503735?itemId=28310526144","","9502503735","28310526144","계절가전","29,000원","50","로켓판매자, 내일도착","5.0","99","120.94","medium","1만-3만원대","선풍기/서큘레이터","여름","자취생, 사무실 사용자, 더위를 많이 타는 사람","원룸, 책상, 거실","여름철 방 안 공기가 답답하고 열감이 잘 빠지지 않을 때","소음이나 바람 세기가 애매하면 틀어두고 쓰기 불편함","좁은 공간에서도 체감 시원함을 만들기 좋음","상황에 따라 이동하거나 방향 조절하기 편함","전기요금 부담을 비교적 덜 느끼기 쉬움","냉방기기 대체재라기보다 보조용으로 보는 편이 맞음","문제해결형 추천","구매 전 확인할 조건을 정리하는 체크리스트형","자취생, 사무실 사용자, 더위를 많이 타는 사람 기준으로 에너자이저 100단 5200mAh 배터리 선풍기 EF5200 고를 때 보기 쉬운 구매 전 체크","에너자이저 100단 5200mAh 배터리 선풍기 EF5200를 실제 생활 공간에서 사용하는 한국형 라이프스타일 장면. 원룸, 책상, 거실 배경, 자연광, 과한 광고 느낌 없는 현실적인 분위기.","제품 상세정보와 현재 가격은 아래 링크에서 바로 확인 가능","이 포스팅은 쿠팡 파트너스 활동의 일환으로, 이에 따른 일정액의 수수료를 제공받습니다.","로켓배송>가전디지털>계절가전","계절가전","","","","",""
"카카오프렌즈 춘식이 파워쿨링 급속 냉각 휴대용 핸디 선풍기, 옐로우 볼캡 춘식, 옐로우","카카오프렌즈 춘식이 파워쿨링 급속 선풍기","https://www.coupang.com/vp/products/8797132405?itemId=25611854537","https://www.coupang.com/vp/products/8797132405?itemId=25611854537","","8797132405","25611854537","계절가전","34,810원","28","로켓배송, 내일도착","5.0","117","122.02","medium","3만-7만원대","선풍기/서큘레이터","여름","자취생, 사무실 사용자, 더위를 많이 타는 사람","원룸, 책상, 거실","여름철 방 안 공기가 답답하고 열감이 잘 빠지지 않을 때","소음이나 바람 세기가 애매하면 틀어두고 쓰기 불편함","좁은 공간에서도 체감 시원함을 만들기 좋음","상황에 따라 이동하거나 방향 조절하기 편함","전기요금 부담을 비교적 덜 느끼기 쉬움","냉방기기 대체재라기보다 보조용으로 보는 편이 맞음","문제해결형 추천","구매 전 확인할 조건을 정리하는 체크리스트형","자취생, 사무실 사용자, 더위를 많이 타는 사람 기준으로 카카오프렌즈 춘식이 파워쿨링 급속 선풍기 고를 때 보기 쉬운 구매 전 체크","카카오프렌즈 춘식이 파워쿨링 급속 선풍기를 실제 생활 공간에서 사용하는 한국형 라이프스타일 장면. 원룸, 책상, 거실 배경, 자연광, 과한 광고 느낌 없는 현실적인 분위기.","제품 상세정보와 현재 가격은 아래 링크에서 바로 확인 가능","이 포스팅은 쿠팡 파트너스 활동의 일환으로, 이에 따른 일정액의 수수료를 제공받습니다.","로켓배송>가전디지털>계절가전","계절가전","","","","",""
"아이코모스 탁상용 무선 미니 USB 선풍기, 색상 랜덤발송","아이코모스 탁상용 무선 미니 선풍기","https://www.coupang.com/vp/products/9456450815?itemId=28136742270","https://www.coupang.com/vp/products/9456450815?itemId=28136742270","","9456450815","28136742270","계절가전","7,900원","64","로켓판매자, 내일도착","5.0","23","122.38","medium","1만원 미만","선풍기/서큘레이터","여름","자취생, 사무실 사용자, 더위를 많이 타는 사람","원룸, 책상, 거실","여름철 방 안 공기가 답답하고 열감이 잘 빠지지 않을 때","소음이나 바람 세기가 애매하면 틀어두고 쓰기 불편함","좁은 공간에서도 체감 시원함을 만들기 좋음","상황에 따라 이동하거나 방향 조절하기 편함","전기요금 부담을 비교적 덜 느끼기 쉬움","냉방기기 대체재라기보다 보조용으로 보는 편이 맞음","문제해결형 추천","구매 전 확인할 조건을 정리하는 체크리스트형","자취생, 사무실 사용자, 더위를 많이 타는 사람 기준으로 아이코모스 탁상용 무선 미니 선풍기 고를 때 보기 쉬운 구매 전 체크","아이코모스 탁상용 무선 미니 선풍기를 실제 생활 공간에서 사용하는 한국형 라이프스타일 장면. 원룸, 책상, 거실 배경, 자연광, 과한 광고 느낌 없는 현실적인 분위기.","제품 상세정보와 현재 가격은 아래 링크에서 바로 확인 가능","이 포스팅은 쿠팡 파트너스 활동의 일환으로, 이에 따른 일정액의 수수료를 제공받습니다.","로켓배송>가전디지털>계절가전","계절가전","","","","",""
"오아 스퀘어 미니 탁상용 무선 휴대용 USB BLDC 선풍기, OFN-041WH, 화이트","오아 스퀘어 미니 탁상용 선풍기 041WH","https://www.coupang.com/vp/products/6402983601?itemId=13698125786","https://www.coupang.com/vp/products/6402983601?itemId=13698125786","","6402983601","13698125786","계절가전","19,800원","0","로켓배송, 내일도착","5.0","3886","356.16","high","1만-3만원대","선풍기/서큘레이터","여름","자취생, 사무실 사용자, 더위를 많이 타는 사람","원룸, 책상, 거실","여름철 방 안 공기가 답답하고 열감이 잘 빠지지 않을 때","소음이나 바람 세기가 애매하면 틀어두고 쓰기 불편함","좁은 공간에서도 체감 시원함을 만들기 좋음","상황에 따라 이동하거나 방향 조절하기 편함","전기요금 부담을 비교적 덜 느끼기 쉬움","냉방기기 대체재라기보다 보조용으로 보는 편이 맞음","문제해결형 추천","구매 전 확인할 조건을 정리하는 체크리스트형","자취생, 사무실 사용자, 더위를 많이 타는 사람 기준으로 오아 스퀘어 미니 탁상용 선풍기 041WH 고를 때 보기 쉬운 구매 전 체크","오아 스퀘어 미니 탁상용 선풍기 041WH를 실제 생활 공간에서 사용하는 한국형 라이프스타일 장면. 원룸, 책상, 거실 배경, 자연광, 과한 광고 느낌 없는 현실적인 분위기.","제품 상세정보와 현재 가격은 아래 링크에서 바로 확인 가능","이 포스팅은 쿠팡 파트너스 활동의 일환으로, 이에 따른 일정액의 수수료를 제공받습니다.","로켓배송>가전디지털>계절가전","계절가전","","","","",""
"홈플래닛 리모컨 서큘레이터 선풍기, NDL666R","홈플래닛 리모컨 서큘레이터 선풍기 NDL666R","https://www.coupang.com/vp/products/5472150417?itemId=8411834411","https://www.coupang.com/vp/products/5472150417?itemId=8411834411","","5472150417","8411834411","계절가전","33,990원","20","로켓배송, 내일도착","4.5","4196","356.76","high","3만-7만원대","선풍기/서큘레이터","여름","자취생, 사무실 사용자, 더위를 많이 타는 사람","원룸, 책상, 거실","여름철 방 안 공기가 답답하고 열감이 잘 빠지지 않을 때","소음이나 바람 세기가 애매하면 틀어두고 쓰기 불편함","좁은 공간에서도 체감 시원함을 만들기 좋음","상황에 따라 이동하거나 방향 조절하기 편함","전기요금 부담을 비교적 덜 느끼기 쉬움","냉방기기 대체재라기보다 보조용으로 보는 편이 맞음","문제해결형 추천","구매 전 확인할 조건을 정리하는 체크리스트형","자취생, 사무실 사용자, 더위를 많이 타는 사람 기준으로 홈플래닛 리모컨 서큘레이터 선풍기 NDL666R 고를 때 보기 쉬운 구매 전 체크","홈플래닛 리모컨 서큘레이터 선풍기 NDL666R를 실제 생활 공간에서 사용하는 한국형 라이프스타일 장면. 원룸, 책상, 거실 배경, 자연광, 과한 광고 느낌 없는 현실적인 분위기.","제품 상세정보와 현재 가격은 아래 링크에서 바로 확인 가능","이 포스팅은 쿠팡 파트너스 활동의 일환으로, 이에 따른 일정액의 수수료를 제공받습니다.","로켓배송>가전디지털>계절가전","계절가전","","","","",""
"무아스 마그넷 탁상용 무선 선풍기, MF-D5, 크림","무아스 마그넷 탁상용 무선 선풍기 D5","https://www.coupang.com/vp/products/8686193969?itemId=25216353084","https://www.coupang.com/vp/products/8686193969?itemId=25216353084","","8686193969","25216353084","계절가전","24,800원","17","로켓배송, 내일도착","5.0","185","134.1","medium","1만-3만원대","선풍기/서큘레이터","여름","자취생, 사무실 사용자, 더위를 많이 타는 사람","원룸, 책상, 거실","여름철 방 안 공기가 답답하고 열감이 잘 빠지지 않을 때","소음이나 바람 세기가 애매하면 틀어두고 쓰기 불편함","좁은 공간에서도 체감 시원함을 만들기 좋음","상황에 따라 이동하거나 방향 조절하기 편함","전기요금 부담을 비교적 덜 느끼기 쉬움","냉방기기 대체재라기보다 보조용으로 보는 편이 맞음","문제해결형 추천","구매 전 확인할 조건을 정리하는 체크리스트형","자취생, 사무실 사용자, 더위를 많이 타는 사람 기준으로 무아스 마그넷 탁상용 무선 선풍기 D5 고를 때 보기 쉬운 구매 전 체크","무아스 마그넷 탁상용 무선 선풍기 D5를 실제 생활 공간에서 사용하는 한국형 라이프스타일 장면. 원룸, 책상, 거실 배경, 자연광, 과한 광고 느낌 없는 현실적인 분위기.","제품 상세정보와 현재 가격은 아래 링크에서 바로 확인 가능","이 포스팅은 쿠팡 파트너스 활동의 일환으로, 이에 따른 일정액의 수수료를 제공받습니다.","로켓배송>가전디지털>계절가전","계절가전","","","","",""
"무아스 플랫스퀘어 탁상용 무선 선풍기, MF-D3, 화이트","무아스 플랫스퀘어 탁상용 무선 선풍기 D3","https://www.coupang.com/vp/products/8057484735?itemId=22620366403","https://www.coupang.com/vp/products/8057484735?itemId=22620366403","","8057484735","22620366403","계절가전","19,400원","0","로켓배송, 내일도착","5.0","157","132.42","medium","1만-3만원대","선풍기/서큘레이터","여름","자취생, 사무실 사용자, 더위를 많이 타는 사람","원룸, 책상, 거실","여름철 방 안 공기가 답답하고 열감이 잘 빠지지 않을 때","소음이나 바람 세기가 애매하면 틀어두고 쓰기 불편함","좁은 공간에서도 체감 시원함을 만들기 좋음","상황에 따라 이동하거나 방향 조절하기 편함","전기요금 부담을 비교적 덜 느끼기 쉬움","냉방기기 대체재라기보다 보조용으로 보는 편이 맞음","문제해결형 추천","구매 전 확인할 조건을 정리하는 체크리스트형","자취생, 사무실 사용자, 더위를 많이 타는 사람 기준으로 무아스 플랫스퀘어 탁상용 무선 선풍기 D3 고를 때 보기 쉬운 구매 전 체크","무아스 플랫스퀘어 탁상용 무선 선풍기 D3를 실제 생활 공간에서 사용하는 한국형 라이프스타일 장면. 원룸, 책상, 거실 배경, 자연광, 과한 광고 느낌 없는 현실적인 분위기.","제품 상세정보와 현재 가격은 아래 링크에서 바로 확인 가능","이 포스팅은 쿠팡 파트너스 활동의 일환으로, 이에 따른 일정액의 수수료를 제공받습니다.","로켓배송>가전디지털>계절가전","계절가전","","","","",""
"블라우풍트 에어튠 120단 펠티어 아이스 쿨링 BLDC 핸디 선풍기, 화이트, BLP-PF101W","블라우풍트 에어튠 120단 펠티어 선풍기 PF101W","https://www.coupang.com/vp/products/9468421869?itemId=28180058917","https://www.coupang.com/vp/products/9468421869?itemId=28180058917","","9468421869","28180058917","계절가전","19,800원","39","로켓배송, 내일도착","5.0","996","174.76","high","1만-3만원대","선풍기/서큘레이터","여름","자취생, 사무실 사용자, 더위를 많이 타는 사람","원룸, 책상, 거실","여름철 방 안 공기가 답답하고 열감이 잘 빠지지 않을 때","소음이나 바람 세기가 애매하면 틀어두고 쓰기 불편함","좁은 공간에서도 체감 시원함을 만들기 좋음","상황에 따라 이동하거나 방향 조절하기 편함","전기요금 부담을 비교적 덜 느끼기 쉬움","냉방기기 대체재라기보다 보조용으로 보는 편이 맞음","문제해결형 추천","구매 전 확인할 조건을 정리하는 체크리스트형","자취생, 사무실 사용자, 더위를 많이 타는 사람 기준으로 블라우풍트 에어튠 120단 펠티어 선풍기 PF101W 고를 때 보기 쉬운 구매 전 체크","블라우풍트 에어튠 120단 펠티어 선풍기 PF101W를 실제 생활 공간에서 사용하는 한국형 라이프스타일 장면. 원룸, 책상, 거실 배경, 자연광, 과한 광고 느낌 없는 현실적인 분위기.","제품 상세정보와 현재 가격은 아래 링크에서 바로 확인 가능","이 포스팅은 쿠팡 파트너스 활동의 일환으로, 이에 따른 일정액의 수수료를 제공받습니다.","로켓배송>가전디지털>계절가전","계절가전","","","","",""
"[하이엔드]초저소음 높이조절 써큘레이터 에어 서큘레이터 가정용, 단일모델","하이엔드 초저소음 높이조절 써큘레이터 서큘레이터","https://www.coupang.com/vp/products/9466558889?itemId=28172811455","https://www.coupang.com/vp/products/9466558889?itemId=28172811455","","9466558889","28172811455","계절가전","59,300원","25","로켓판매자, 내일도착","5.0","154","132.24","medium","3만-7만원대","선풍기/서큘레이터","여름","자취생, 사무실 사용자, 더위를 많이 타는 사람","원룸, 책상, 거실","여름철 방 안 공기가 답답하고 열감이 잘 빠지지 않을 때","소음이나 바람 세기가 애매하면 틀어두고 쓰기 불편함","좁은 공간에서도 체감 시원함을 만들기 좋음","상황에 따라 이동하거나 방향 조절하기 편함","전기요금 부담을 비교적 덜 느끼기 쉬움","냉방기기 대체재라기보다 보조용으로 보는 편이 맞음","문제해결형 추천","구매 전 확인할 조건을 정리하는 체크리스트형","자취생, 사무실 사용자, 더위를 많이 타는 사람 기준으로 하이엔드 초저소음 높이조절 써큘레이터 서큘레이터 고를 때 보기 쉬운 구매 전 체크","하이엔드 초저소음 높이조절 써큘레이터 서큘레이터를 실제 생활 공간에서 사용하는 한국형 라이프스타일 장면. 원룸, 책상, 거실 배경, 자연광, 과한 광고 느낌 없는 현실적인 분위기.","제품 상세정보와 현재 가격은 아래 링크에서 바로 확인 가능","이 포스팅은 쿠팡 파트너스 활동의 일환으로, 이에 따른 일정액의 수수료를 제공받습니다.","로켓배송>가전디지털>계절가전","계절가전","","","","",""
"홈플래닛 에어 써큘레이터, NDX1928","홈플래닛 에어 써큘레이터 NDX1928","https://www.coupang.com/vp/products/1459643230?itemId=2511597512","https://www.coupang.com/vp/products/1459643230?itemId=2511597512","https://thumbnail.coupangcdn.com/thumbnails/remote/230x230ex/image/1025_amir_coupang_oct_80k/6ecf/054e6d225d55c2d4a408c3bbb917729162c61303b5b0273ba0ee6ea86007.jpg","1459643230","2511597512","계절가전","24,290원","12","로켓배송, 내일도착","4.5","14441","405.0","high","1만-3만원대","선풍기/서큘레이터","여름","자취생, 사무실 사용자, 더위를 많이 타는 사람","원룸, 책상, 거실","여름철 방 안 공기가 답답하고 열감이 잘 빠지지 않을 때","소음이나 바람 세기가 애매하면 틀어두고 쓰기 불편함","좁은 공간에서도 체감 시원함을 만들기 좋음","상황에 따라 이동하거나 방향 조절하기 편함","전기요금 부담을 비교적 덜 느끼기 쉬움","냉방기기 대체재라기보다 보조용으로 보는 편이 맞음","문제해결형 추천","구매 전 확인할 조건을 정리하는 체크리스트형","자취생, 사무실 사용자, 더위를 많이 타는 사람 기준으로 홈플래닛 에어 써큘레이터 NDX1928 고를 때 보기 쉬운 구매 전 체크","홈플래닛 에어 써큘레이터 NDX1928를 실제 생활 공간에서 사용하는 한국형 라이프스타일 장면. 원룸, 책상, 거실 배경, 자연광, 과한 광고 느낌 없는 현실적인 분위기.","제품 상세정보와 현재 가격은 아래 링크에서 바로 확인 가능","이 포스팅은 쿠팡 파트너스 활동의 일환으로, 이에 따른 일정액의 수수료를 제공받습니다.","로켓배송>가전디지털>계절가전","계절가전","3","2026-05-13 15:36:21","","",""
"듀플렉스 미니 휴대용 선풍기, DP-691MF, 크림","듀플렉스 미니 휴대용 선풍기 691MF","https://www.coupang.com/vp/products/88264481?itemId=25425503077","https://www.coupang.com/vp/products/88264481?itemId=25425503077","https://thumbnail.coupangcdn.com/thumbnails/remote/230x230ex/image/retail/images/2025/04/30/17/2/f37329a6-5cdd-4b51-a3e1-db262883c6b8.jpg","88264481","25425503077","계절가전","16,800원","43","로켓배송, 내일도착","4.5","7384","421.0","high","1만-3만원대","선풍기/서큘레이터","여름","자취생, 사무실 사용자, 더위를 많이 타는 사람","원룸, 책상, 거실","여름철 방 안 공기가 답답하고 열감이 잘 빠지지 않을 때","소음이나 바람 세기가 애매하면 틀어두고 쓰기 불편함","좁은 공간에서도 체감 시원함을 만들기 좋음","상황에 따라 이동하거나 방향 조절하기 편함","전기요금 부담을 비교적 덜 느끼기 쉬움","냉방기기 대체재라기보다 보조용으로 보는 편이 맞음","문제해결형 추천","구매 전 확인할 조건을 정리하는 체크리스트형","자취생, 사무실 사용자, 더위를 많이 타는 사람 기준으로 듀플렉스 미니 휴대용 선풍기 691MF 고를 때 보기 쉬운 구매 전 체크","듀플렉스 미니 휴대용 선풍기 691MF를 실제 생활 공간에서 사용하는 한국형 라이프스타일 장면. 원룸, 책상, 거실 배경, 자연광, 과한 광고 느낌 없는 현실적인 분위기.","제품 상세정보와 현재 가격은 아래 링크에서 바로 확인 가능","이 포스팅은 쿠팡 파트너스 활동의 일환으로, 이에 따른 일정액의 수수료를 제공받습니다.","로켓배송>가전디지털>계절가전","계절가전","60","2026-05-13 15:36:38","","",""
"홈플래닛 넥풍기 휴대용 목걸이 선풍기, HF370, 화이트","홈플래닛 넥풍기 휴대용 목걸이 선풍기 HF370","https://www.coupang.com/vp/products/5172472350?itemId=7139425406","https://www.coupang.com/vp/products/5172472350?itemId=7139425406","https://thumbnail.coupangcdn.com/thumbnails/remote/230x230ex/image/retail/images/2791213981320-a72d49ed-7cb9-42e9-a28e-6d3612cf0466.jpg","5172472350","7139425406","계절가전","22,990원","32","로켓배송, 내일도착","4.5","6523","413.0","high","1만-3만원대","선풍기/서큘레이터","여름","자취생, 사무실 사용자, 더위를 많이 타는 사람","원룸, 책상, 거실","여름철 방 안 공기가 답답하고 열감이 잘 빠지지 않을 때","소음이나 바람 세기가 애매하면 틀어두고 쓰기 불편함","좁은 공간에서도 체감 시원함을 만들기 좋음","상황에 따라 이동하거나 방향 조절하기 편함","전기요금 부담을 비교적 덜 느끼기 쉬움","냉방기기 대체재라기보다 보조용으로 보는 편이 맞음","문제해결형 추천","구매 전 확인할 조건을 정리하는 체크리스트형","자취생, 사무실 사용자, 더위를 많이 타는 사람 기준으로 홈플래닛 넥풍기 휴대용 목걸이 선풍기 HF370 고를 때 보기 쉬운 구매 전 체크","홈플래닛 넥풍기 휴대용 목걸이 선풍기 HF370를 실제 생활 공간에서 사용하는 한국형 라이프스타일 장면. 원룸, 책상, 거실 배경, 자연광, 과한 광고 느낌 없는 현실적인 분위기.","제품 상세정보와 현재 가격은 아래 링크에서 바로 확인 가능","이 포스팅은 쿠팡 파트너스 활동의 일환으로, 이에 따른 일정액의 수수료를 제공받습니다.","로켓배송>가전디지털>계절가전","계절가전","121","2026-05-13 15:36:55","","",""
"샤오미 스마트 스탠딩 BLDC 선풍기2, BPLDS02DM","샤오미 스마트 스탠딩 BLDC 선풍기2 BPLDS02DM","https://www.coupang.com/vp/products/5359258845?itemId=7903333464","https://www.coupang.com/vp/products/5359258845?itemId=7903333464","https://thumbnail.coupangcdn.com/thumbnails/remote/230x230ex/image/retail/images/2021/04/16/15/6/9d4b015e-1ea2-4305-a414-238c77a65d6f.jpg","5359258845","7903333464","계절가전","91,800원","8","로켓배송, 내일도착","4.5","5316","405.0","high","7만-15만원대","선풍기/서큘레이터","여름","자취생, 사무실 사용자, 더위를 많이 타는 사람","원룸, 책상, 거실","여름철 방 안 공기가 답답하고 열감이 잘 빠지지 않을 때","소음이나 바람 세기가 애매하면 틀어두고 쓰기 불편함","좁은 공간에서도 체감 시원함을 만들기 좋음","상황에 따라 이동하거나 방향 조절하기 편함","전기요금 부담을 비교적 덜 느끼기 쉬움","냉방기기 대체재라기보다 보조용으로 보는 편이 맞음","문제해결형 추천","구매 전 확인할 조건을 정리하는 체크리스트형","자취생, 사무실 사용자, 더위를 많이 타는 사람 기준으로 샤오미 스마트 스탠딩 BLDC 선풍기2 BPLDS02DM 고를 때 보기 쉬운 구매 전 체크","샤오미 스마트 스탠딩 BLDC 선풍기2 BPLDS02DM를 실제 생활 공간에서 사용하는 한국형 라이프스타일 장면. 원룸, 책상, 거실 배경, 자연광, 과한 광고 느낌 없는 현실적인 분위기.","제품 상세정보와 현재 가격은 아래 링크에서 바로 확인 가능","이 포스팅은 쿠팡 파트너스 활동의 일환으로, 이에 따른 일정액의 수수료를 제공받습니다.","로켓배송>가전디지털>계절가전","계절가전","170","2026-05-13 15:37:10","","",""
"소가 휴대용 손선풍기 냉각 에어컨 선풍기, FS16, 크림","소가 휴대용 손선풍기 냉각 에어컨 FS16","https://www.coupang.com/vp/products/8719990594?itemId=25328830887","https://www.coupang.com/vp/products/8719990594?itemId=25328830887","https://thumbnail.coupangcdn.com/thumbnails/remote/230x230ex/image/vendor_inventory/b040/7eabb05c441b53c934f6952bbc73bdb85f0660ce33afab6a07f349fa7e28.jpg","8719990594","25328830887","계절가전","22,800원","34","로켓판매자, 내일도착","5.0","4804","411.24","high","1만-3만원대","선풍기/서큘레이터","여름","자취생, 사무실 사용자, 더위를 많이 타는 사람","원룸, 책상, 거실","여름철 방 안 공기가 답답하고 열감이 잘 빠지지 않을 때","소음이나 바람 세기가 애매하면 틀어두고 쓰기 불편함","좁은 공간에서도 체감 시원함을 만들기 좋음","상황에 따라 이동하거나 방향 조절하기 편함","전기요금 부담을 비교적 덜 느끼기 쉬움","냉방기기 대체재라기보다 보조용으로 보는 편이 맞음","문제해결형 추천","구매 전 확인할 조건을 정리하는 체크리스트형","자취생, 사무실 사용자, 더위를 많이 타는 사람 기준으로 소가 휴대용 손선풍기 냉각 에어컨 FS16 고를 때 보기 쉬운 구매 전 체크","소가 휴대용 손선풍기 냉각 에어컨 FS16를 실제 생활 공간에서 사용하는 한국형 라이프스타일 장면. 원룸, 책상, 거실 배경, 자연광, 과한 광고 느낌 없는 현실적인 분위기.","제품 상세정보와 현재 가격은 아래 링크에서 바로 확인 가능","이 포스팅은 쿠팡 파트너스 활동의 일환으로, 이에 따른 일정액의 수수료를 제공받습니다.","로켓배송>가전디지털>계절가전","계절가전","103","2026-05-13 15:36:53","","",""
"Rotima 대용량 초음파 가습기 4L 무소음 무드등 간편 통세척 사무실 탁상용 가정용 가습기, 화이트, J6","Rotima 초음파 가습기 4L J6","https://www.coupang.com/vp/products/9039184892?itemId=26519737262","https://www.coupang.com/vp/products/9039184892?itemId=26519737262","https://thumbnail.coupangcdn.com/thumbnails/remote/230x230ex/image/vendor_inventory/ecc0/c257df31c059097fc0295a09fc445f0e49b8f624bcce7d3677a2f4de87f2.jpg","9039184892","26519737262","계절가전","26,900원","86","로켓판매자, 내일도착","5.0","3763","340.78","high","1만-3만원대","가습기","겨울, 환절기","원룸 거주자나 방에서 오래 있는 사람","침실, 책상, 원룸","원룸이나 방 안이 건조해서 아침마다 목이 칼칼할 때","소음이 크거나 세척이 번거로우면 오래 쓰기 힘듦","건조한 공간에서 체감 변화가 빠른 편","책상이나 침대 옆에 두기 쉬운 크기","가습량과 관리 편의성 균형을 보기 좋음","큰 공간에서는 가습량이 부족하게 느껴질 수 있음","문제해결형 추천","구매 전 확인할 조건을 정리하는 체크리스트형","원룸 거주자나 방에서 오래 있는 사람 기준으로 Rotima 초음파 가습기 4L J6 고를 때 보기 쉬운 구매 전 체크","Rotima 초음파 가습기 4L J6를 실제 생활 공간에서 사용하는 한국형 라이프스타일 장면. 침실, 책상, 원룸 배경, 자연광, 과한 광고 느낌 없는 현실적인 분위기.","제품 상세정보와 현재 가격은 아래 링크에서 바로 확인 가능","이 포스팅은 쿠팡 파트너스 활동의 일환으로, 이에 따른 일정액의 수수료를 제공받습니다.","로켓배송>가전디지털>계절가전","계절가전","186","2026-05-13 15:37:22","","",""
"에어보나 공업용 대형 메탈 선풍기, AB-9012MF, 실버","에어보나 공업용 대형 메탈 선풍기 9012MF","https://www.coupang.com/vp/products/8643295552?itemId=25085499417","https://www.coupang.com/vp/products/8643295552?itemId=25085499417","https://thumbnail.coupangcdn.com/thumbnails/remote/230x230ex/image/retail/images/2025/03/12/11/4/4c29b155-f590-4202-aa54-594a226f1f6c.jpg","8643295552","25085499417","계절가전","35,800원","72","로켓배송, 내일도착","5.0","3365","316.9","high","3만-7만원대","선풍기/서큘레이터","여름","자취생, 사무실 사용자, 더위를 많이 타는 사람","원룸, 책상, 거실","여름철 방 안 공기가 답답하고 열감이 잘 빠지지 않을 때","소음이나 바람 세기가 애매하면 틀어두고 쓰기 불편함","좁은 공간에서도 체감 시원함을 만들기 좋음","상황에 따라 이동하거나 방향 조절하기 편함","전기요금 부담을 비교적 덜 느끼기 쉬움","냉방기기 대체재라기보다 보조용으로 보는 편이 맞음","문제해결형 추천","구매 전 확인할 조건을 정리하는 체크리스트형","자취생, 사무실 사용자, 더위를 많이 타는 사람 기준으로 에어보나 공업용 대형 메탈 선풍기 9012MF 고를 때 보기 쉬운 구매 전 체크","에어보나 공업용 대형 메탈 선풍기 9012MF를 실제 생활 공간에서 사용하는 한국형 라이프스타일 장면. 원룸, 책상, 거실 배경, 자연광, 과한 광고 느낌 없는 현실적인 분위기.","제품 상세정보와 현재 가격은 아래 링크에서 바로 확인 가능","이 포스팅은 쿠팡 파트너스 활동의 일환으로, 이에 따른 일정액의 수수료를 제공받습니다.","로켓배송>가전디지털>계절가전","계절가전","9","2026-05-13 15:36:22","","",""
"New 대형냉각패드 위니쿨 급속냉각 휴대용 목 넥 선풍기 BLDC 대용량5200mAh, 클래식화이트, 1개, W1026","New 대형냉각패드 위니쿨 급속냉각 선풍기 대용량5200mAh W1026","https://www.coupang.com/vp/products/9530983694?itemId=28422964479","https://www.coupang.com/vp/products/9530983694?itemId=28422964479","https://thumbnail.coupangcdn.com/thumbnails/remote/230x230ex/image/vendor_inventory/b93d/8d6c9b58bcbdb50589e65e69430c4daa9d9ff3f402aeb4212cb0e7258e9e.png","9530983694","28422964479","계절가전","53,600원","39","로켓판매자, 내일도착","4.5","2848","275.88","high","3만-7만원대","선풍기/서큘레이터","여름","자취생, 사무실 사용자, 더위를 많이 타는 사람","원룸, 책상, 거실","여름철 방 안 공기가 답답하고 열감이 잘 빠지지 않을 때","소음이나 바람 세기가 애매하면 틀어두고 쓰기 불편함","좁은 공간에서도 체감 시원함을 만들기 좋음","상황에 따라 이동하거나 방향 조절하기 편함","전기요금 부담을 비교적 덜 느끼기 쉬움","냉방기기 대체재라기보다 보조용으로 보는 편이 맞음","문제해결형 추천","구매 전 확인할 조건을 정리하는 체크리스트형","자취생, 사무실 사용자, 더위를 많이 타는 사람 기준으로 New 대형냉각패드 위니쿨 급속냉각 선풍기 대용량5200mAh W1026 고를 때 보기 쉬운 구매 전 체크","New 대형냉각패드 위니쿨 급속냉각 선풍기 대용량5200mAh W1026를 실제 생활 공간에서 사용하는 한국형 라이프스타일 장면. 원룸, 책상, 거실 배경, 자연광, 과한 광고 느낌 없는 현실적인 분위기.","제품 상세정보와 현재 가격은 아래 링크에서 바로 확인 가능","이 포스팅은 쿠팡 파트너스 활동의 일환으로, 이에 따른 일정액의 수수료를 제공받습니다.","로켓배송>가전디지털>계절가전","계절가전","126","2026-05-13 15:36:56","","",""
"로랜텍 윈쿨 스몰 저소음 경량 미니 핸디 무선 휴대용 손선풍기, BLUE","로랜텍 윈쿨 스몰 저소음 손선풍기","https://www.coupang.com/vp/products/8162048625?itemId=23272319386","https://www.coupang.com/vp/products/8162048625?itemId=23272319386","https://thumbnail.coupangcdn.com/thumbnails/remote/230x230ex/image/vendor_inventory/495f/0d4a9756d351f7cc0230b9cf29ff2fa8db51ddf3a3d0ee0803365855b38a.jpg","8162048625","23272319386","계절가전","7,600원","48","로켓판매자, 내일도착","5.0","2229","246.74","high","1만원 미만","선풍기/서큘레이터","여름","자취생, 사무실 사용자, 더위를 많이 타는 사람","원룸, 책상, 거실","여름철 방 안 공기가 답답하고 열감이 잘 빠지지 않을 때","소음이나 바람 세기가 애매하면 틀어두고 쓰기 불편함","좁은 공간에서도 체감 시원함을 만들기 좋음","상황에 따라 이동하거나 방향 조절하기 편함","전기요금 부담을 비교적 덜 느끼기 쉬움","냉방기기 대체재라기보다 보조용으로 보는 편이 맞음","문제해결형 추천","구매 전 확인할 조건을 정리하는 체크리스트형","자취생, 사무실 사용자, 더위를 많이 타는 사람 기준으로 로랜텍 윈쿨 스몰 저소음 손선풍기 고를 때 보기 쉬운 구매 전 체크","로랜텍 윈쿨 스몰 저소음 손선풍기를 실제 생활 공간에서 사용하는 한국형 라이프스타일 장면. 원룸, 책상, 거실 배경, 자연광, 과한 광고 느낌 없는 현실적인 분위기.","제품 상세정보와 현재 가격은 아래 링크에서 바로 확인 가능","이 포스팅은 쿠팡 파트너스 활동의 일환으로, 이에 따른 일정액의 수수료를 제공받습니다.","로켓배송>가전디지털>계절가전","계절가전","54","2026-05-13 15:36:37","","",""
"시프이컴 가정용 스탠드형 유선 선풍기, NDL1803","시프이컴 스탠드형 유선 선풍기 NDL1803","https://www.coupang.com/vp/products/6342195132?itemId=13310747270","https://www.coupang.com/vp/products/6342195132?itemId=13310747270","https://thumbnail.coupangcdn.com/thumbnails/remote/230x230ex/image/retail/images/27351687679308-95d4c851-0ef2-468f-b3b8-77aa5cf91bd9.jpg","6342195132","13310747270","계절가전","27,900원","38","로켓배송, 내일도착","4.5","2077","229.62","high","1만-3만원대","선풍기/서큘레이터","여름","자취생, 사무실 사용자, 더위를 많이 타는 사람","원룸, 책상, 거실","여름철 방 안 공기가 답답하고 열감이 잘 빠지지 않을 때","소음이나 바람 세기가 애매하면 틀어두고 쓰기 불편함","좁은 공간에서도 체감 시원함을 만들기 좋음","상황에 따라 이동하거나 방향 조절하기 편함","전기요금 부담을 비교적 덜 느끼기 쉬움","냉방기기 대체재라기보다 보조용으로 보는 편이 맞음","문제해결형 추천","구매 전 확인할 조건을 정리하는 체크리스트형","자취생, 사무실 사용자, 더위를 많이 타는 사람 기준으로 시프이컴 스탠드형 유선 선풍기 NDL1803 고를 때 보기 쉬운 구매 전 체크","시프이컴 스탠드형 유선 선풍기 NDL1803를 실제 생활 공간에서 사용하는 한국형 라이프스타일 장면. 원룸, 책상, 거실 배경, 자연광, 과한 광고 느낌 없는 현실적인 분위기.","제품 상세정보와 현재 가격은 아래 링크에서 바로 확인 가능","이 포스팅은 쿠팡 파트너스 활동의 일환으로, 이에 따른 일정액의 수수료를 제공받습니다.","로켓배송>가전디지털>계절가전","계절가전","50","2026-05-13 15:36:36","","",""
"NUNUHANA USB충전팬 휴대용 탁상용 목걸이 핸디 선풍기, 블루","NUNUHANA USB충전팬 휴대용 탁상용 선풍기","https://www.coupang.com/vp/products/7415491590?itemId=19223531979","https://www.coupang.com/vp/products/7415491590?itemId=19223531979","https://thumbnail.coupangcdn.com/thumbnails/remote/230x230ex/image/vendor_inventory/3eb2/ba3800bd88c8cfb656c53aad8e2ab847c7625585c5f2518faf38d0bdcbef.jpg","7415491590","19223531979","계절가전","9,700원","62","로켓판매자, 내일도착","4.5","2051","226.06","high","1만원 미만","선풍기/서큘레이터","여름","자취생, 사무실 사용자, 더위를 많이 타는 사람","원룸, 책상, 거실","여름철 방 안 공기가 답답하고 열감이 잘 빠지지 않을 때","소음이나 바람 세기가 애매하면 틀어두고 쓰기 불편함","좁은 공간에서도 체감 시원함을 만들기 좋음","상황에 따라 이동하거나 방향 조절하기 편함","전기요금 부담을 비교적 덜 느끼기 쉬움","냉방기기 대체재라기보다 보조용으로 보는 편이 맞음","문제해결형 추천","구매 전 확인할 조건을 정리하는 체크리스트형","자취생, 사무실 사용자, 더위를 많이 타는 사람 기준으로 NUNUHANA USB충전팬 휴대용 탁상용 선풍기 고를 때 보기 쉬운 구매 전 체크","NUNUHANA USB충전팬 휴대용 탁상용 선풍기를 실제 생활 공간에서 사용하는 한국형 라이프스타일 장면. 원룸, 책상, 거실 배경, 자연광, 과한 광고 느낌 없는 현실적인 분위기.","제품 상세정보와 현재 가격은 아래 링크에서 바로 확인 가능","이 포스팅은 쿠팡 파트너스 활동의 일환으로, 이에 따른 일정액의 수수료를 제공받습니다.","로켓배송>가전디지털>계절가전","계절가전","180","2026-05-13 15:37:11","","",""
"삼성 공기청정기 호환 필터 블루스카이 3000 6000 전용, 3.CFX-G100D 프리미엄형, 1개","삼성 공기청정기 호환 필터 G100D","https://www.coupang.com/vp/products/5183452405?itemId=7175611331","https://www.coupang.com/vp/products/5183452405?itemId=7175611331","https://thumbnail.coupangcdn.com/thumbnails/remote/230x230ex/image/vendor_inventory/d03c/6fa6c45f5902951e294c5dbeb20202c92e0e08c87fd69498f86450f8241c.png","5183452405","7175611331","계절가전","17,900원","47","로켓판매자, 내일도착","5.0","1923","230.38","high","1만-3만원대","공기/위생 관리용품","사계절, 장마철","원룸, 아이 있는 집, 반려동물 가정, 실내 생활 시간이 긴 사람","원룸, 침실, 거실, 옷장, 욕실","집 안 공기질, 냄새, 습기, 위생 관리가 신경 쓰일 때","효과 범위와 교체 주기를 모르고 사면 체감이 약할 수 있음","반복 구매나 관리 수요로 이어지기 쉬움","공간 크기와 사용 주기를 기준으로 판단하기 좋음","가격 부담이 비교적 낮아 상세 정보 확인 장벽이 낮음","사용 면적, 교체 주기, 소모품 비용을 같이 확인해야 함","문제해결형 추천","구매 전 확인할 조건을 정리하는 체크리스트형","원룸, 아이 있는 집, 반려동물 가정, 실내 생활 시간이 긴 사람 기준으로 삼성 공기청정기 호환 필터 G100D 고를 때 보기 쉬운 구매 전 체크","삼성 공기청정기 호환 필터 G100D를 실제 생활 공간에서 사용하는 한국형 라이프스타일 장면. 원룸, 침실, 거실, 옷장, 욕실 배경, 자연광, 과한 광고 느낌 없는 현실적인 분위기.","제품 상세정보와 현재 가격은 아래 링크에서 바로 확인 가능","이 포스팅은 쿠팡 파트너스 활동의 일환으로, 이에 따른 일정액의 수수료를 제공받습니다.","로켓배송>가전디지털>계절가전","계절가전","39","2026-05-13 15:36:35","","",""
"한일의료기 전자파없는 탄소매트 카본 전기장판, 싱글 1인용","한일의료기 전자파없는 탄소매트 카본 전기장판","https://www.coupang.com/vp/products/8412694426?itemId=24325661121","https://www.coupang.com/vp/products/8412694426?itemId=24325661121","https://thumbnail.coupangcdn.com/thumbnails/remote/230x230ex/image/vendor_inventory/d888/c8bb57de86e95284db26a52aacc0bd36d70825f8b9f388892f185d98bb7d.png","8412694426","24325661121","계절가전","69,000원","46","로켓판매자, 내일도착","4.5","1752","210.12","high","3만-7만원대","난방가전","겨울, 환절기","겨울철 난방비가 부담되는 자취생, 침실 사용자, 사무실 사용자","침실, 책상 아래, 원룸, 사무실","방 전체 난방보다 필요한 공간만 따뜻하게 쓰고 싶을 때","전기요금, 안전장치, 크기, 보관성을 같이 보지 않으면 만족도가 낮아질 수 있음","공간별 보조 난방으로 접근하기 쉬움","가격대와 사용 시간이 구매 판단에 직접 연결됨","안전장치와 온도 조절 여부를 비교하기 좋음","장시간 사용 시 안전장치, 소비전력, KC 인증 여부를 확인해야 함","문제해결형 추천","구매 전 확인할 조건을 정리하는 체크리스트형","겨울철 난방비가 부담되는 자취생, 침실 사용자, 사무실 사용자 기준으로 한일의료기 전자파없는 탄소매트 카본 전기장판 고를 때 보기 쉬운 구매 전 체크","한일의료기 전자파없는 탄소매트 카본 전기장판를 실제 생활 공간에서 사용하는 한국형 라이프스타일 장면. 침실, 책상 아래, 원룸, 사무실 배경, 자연광, 과한 광고 느낌 없는 현실적인 분위기.","제품 상세정보와 현재 가격은 아래 링크에서 바로 확인 가능","이 포스팅은 쿠팡 파트너스 활동의 일환으로, 이에 따른 일정액의 수수료를 제공받습니다.","로켓배송>가전디지털>계절가전","계절가전","195","2026-05-13 15:37:23","","",""
"BRUNO 미니 핸디 선풍기, BMF-2115W, 화이트","BRUNO 미니 핸디 선풍기 2115W","https://www.coupang.com/vp/products/6339639228?itemId=13294442975","https://www.coupang.com/vp/products/6339639228?itemId=13294442975","https://thumbnail.coupangcdn.com/thumbnails/remote/230x230ex/image/retail/images/26907618593191-d11451ae-bd7d-4092-8fdd-b2d8a2264437.jpg","6339639228","13294442975","계절가전","14,900원","58","로켓배송, 내일도착","4.5","1599","208.94","high","1만-3만원대","선풍기/서큘레이터","여름","자취생, 사무실 사용자, 더위를 많이 타는 사람","원룸, 책상, 거실","여름철 방 안 공기가 답답하고 열감이 잘 빠지지 않을 때","소음이나 바람 세기가 애매하면 틀어두고 쓰기 불편함","좁은 공간에서도 체감 시원함을 만들기 좋음","상황에 따라 이동하거나 방향 조절하기 편함","전기요금 부담을 비교적 덜 느끼기 쉬움","냉방기기 대체재라기보다 보조용으로 보는 편이 맞음","문제해결형 추천","구매 전 확인할 조건을 정리하는 체크리스트형","자취생, 사무실 사용자, 더위를 많이 타는 사람 기준으로 BRUNO 미니 핸디 선풍기 2115W 고를 때 보기 쉬운 구매 전 체크","BRUNO 미니 핸디 선풍기 2115W를 실제 생활 공간에서 사용하는 한국형 라이프스타일 장면. 원룸, 책상, 거실 배경, 자연광, 과한 광고 느낌 없는 현실적인 분위기.","제품 상세정보와 현재 가격은 아래 링크에서 바로 확인 가능","이 포스팅은 쿠팡 파트너스 활동의 일환으로, 이에 따른 일정액의 수수료를 제공받습니다.","로켓배송>가전디지털>계절가전","계절가전","8","2026-05-13 15:36:22","","",""
"에이케이리빙 유파 발터치 리모컨 선풍기, AKF-FT14R","에이케이리빙 유파 발터치 리모컨 선풍기 FT14R","https://www.coupang.com/vp/products/8225143195?itemId=23653576267","https://www.coupang.com/vp/products/8225143195?itemId=23653576267","https://thumbnail.coupangcdn.com/thumbnails/remote/230x230ex/image/retail/images/170893808498753-93717499-7db9-45e7-b595-b25ac5c6e0ea.jpg","8225143195","23653576267","계절가전","34,800원","64","로켓배송, 내일도착","4.5","1372","187.32","high","3만-7만원대","선풍기/서큘레이터","여름","자취생, 사무실 사용자, 더위를 많이 타는 사람","원룸, 책상, 거실","여름철 방 안 공기가 답답하고 열감이 잘 빠지지 않을 때","소음이나 바람 세기가 애매하면 틀어두고 쓰기 불편함","좁은 공간에서도 체감 시원함을 만들기 좋음","상황에 따라 이동하거나 방향 조절하기 편함","전기요금 부담을 비교적 덜 느끼기 쉬움","냉방기기 대체재라기보다 보조용으로 보는 편이 맞음","문제해결형 추천","구매 전 확인할 조건을 정리하는 체크리스트형","자취생, 사무실 사용자, 더위를 많이 타는 사람 기준으로 에이케이리빙 유파 발터치 리모컨 선풍기 FT14R 고를 때 보기 쉬운 구매 전 체크","에이케이리빙 유파 발터치 리모컨 선풍기 FT14R를 실제 생활 공간에서 사용하는 한국형 라이프스타일 장면. 원룸, 책상, 거실 배경, 자연광, 과한 광고 느낌 없는 현실적인 분위기.","제품 상세정보와 현재 가격은 아래 링크에서 바로 확인 가능","이 포스팅은 쿠팡 파트너스 활동의 일환으로, 이에 따른 일정액의 수수료를 제공받습니다.","로켓배송>가전디지털>계절가전","계절가전","66","2026-05-13 15:36:39","","",""
"LG 휘센 냉방 에어컨 리모컨, PT-02LA, 1개","LG 휘센 냉방 에어컨 02LA","https://www.coupang.com/vp/products/4543868916?itemId=5504168695","https://www.coupang.com/vp/products/4543868916?itemId=5504168695","https://thumbnail.coupangcdn.com/thumbnails/remote/230x230ex/image/rs_quotation_api/c5htbien/2227241e0626457dba7e78ea6cc29481.jpg","4543868916","5504168695","계절가전","5,520원","2","로켓배송, 내일도착","4.5","1348","175.88","high","1만원 미만","에어컨/냉난방기","여름, 장마철","원룸, 거실, 사무실처럼 공간 크기에 맞는 냉방 제품을 찾는 사람","원룸, 거실, 사무실, 작은 매장","여름 전기요금과 설치 조건을 같이 보면서 냉방 제품을 골라야 할 때","평수, 설치 방식, 배관 조건을 놓치면 가격보다 설치에서 더 크게 막힐 수 있음","공간 면적과 설치 조건을 기준으로 판단하기 좋음","방문설치, 이동식, 창문형처럼 상황별 선택지가 분명함","계절 수요가 강해 구매 전 검색 의도가 뚜렷함","설치비, 배관형, 실외기 위치, 전기요금 부담은 반드시 따로 확인해야 함","문제해결형 추천","구매 전 확인할 조건을 정리하는 체크리스트형","원룸, 거실, 사무실처럼 공간 크기에 맞는 냉방 제품을 찾는 사람 기준으로 LG 휘센 냉방 에어컨 02LA 고를 때 보기 쉬운 구매 전 체크","LG 휘센 냉방 에어컨 02LA를 실제 생활 공간에서 사용하는 한국형 라이프스타일 장면. 원룸, 거실, 사무실, 작은 매장 배경, 자연광, 과한 광고 느낌 없는 현실적인 분위기.","제품 상세정보와 현재 가격은 아래 링크에서 바로 확인 가능","이 포스팅은 쿠팡 파트너스 활동의 일환으로, 이에 따른 일정액의 수수료를 제공받습니다.","로켓배송>가전디지털>계절가전","계절가전","61","2026-05-13 15:36:38","","",""
"르젠 스탠드 리모컨 서큘레이터 선풍기, LZEF-AR390(릴리화이트)","르젠 스탠드 리모컨 서큘레이터 AR390","https://www.coupang.com/vp/products/5684920782?itemId=9398212440","https://www.coupang.com/vp/products/5684920782?itemId=9398212440","https://thumbnail.coupangcdn.com/thumbnails/remote/230x230ex/image/retail/images/329923667380828-37433974-43c7-474b-b318-1f5cc6372e77.jpg","5684920782","9398212440","계절가전","58,800원","54","로켓배송, 내일도착","4.5","1206","177.36","high","3만-7만원대","선풍기/서큘레이터","여름","자취생, 사무실 사용자, 더위를 많이 타는 사람","원룸, 책상, 거실","여름철 방 안 공기가 답답하고 열감이 잘 빠지지 않을 때","소음이나 바람 세기가 애매하면 틀어두고 쓰기 불편함","좁은 공간에서도 체감 시원함을 만들기 좋음","상황에 따라 이동하거나 방향 조절하기 편함","전기요금 부담을 비교적 덜 느끼기 쉬움","냉방기기 대체재라기보다 보조용으로 보는 편이 맞음","문제해결형 추천","구매 전 확인할 조건을 정리하는 체크리스트형","자취생, 사무실 사용자, 더위를 많이 타는 사람 기준으로 르젠 스탠드 리모컨 서큘레이터 AR390 고를 때 보기 쉬운 구매 전 체크","르젠 스탠드 리모컨 서큘레이터 AR390를 실제 생활 공간에서 사용하는 한국형 라이프스타일 장면. 원룸, 책상, 거실 배경, 자연광, 과한 광고 느낌 없는 현실적인 분위기.","제품 상세정보와 현재 가격은 아래 링크에서 바로 확인 가능","이 포스팅은 쿠팡 파트너스 활동의 일환으로, 이에 따른 일정액의 수수료를 제공받습니다.","로켓배송>가전디지털>계절가전","계절가전","120","2026-05-13 15:36:55","","",""
"클래파 탁상용 미니 무선 사무실 캠핑 선풍기 소형, BEF-D400W, 화이트","클래파 탁상용 미니 무선 선풍기 D400W","https://www.coupang.com/vp/products/8673097768?itemId=25081096969","https://www.coupang.com/vp/products/8673097768?itemId=25081096969","https://thumbnail.coupangcdn.com/thumbnails/remote/230x230ex/image/vendor_inventory/d8a7/a91490a7eb6e3cd9fda6836a44b2e10b0f8375fea1d087f030a25971256d.jpg","8673097768","25081096969","계절가전","27,280원","54","로켓판매자, 내일도착","5.0","1156","200.36","high","1만-3만원대","선풍기/서큘레이터","여름","자취생, 사무실 사용자, 더위를 많이 타는 사람","원룸, 책상, 거실","여름철 방 안 공기가 답답하고 열감이 잘 빠지지 않을 때","소음이나 바람 세기가 애매하면 틀어두고 쓰기 불편함","좁은 공간에서도 체감 시원함을 만들기 좋음","상황에 따라 이동하거나 방향 조절하기 편함","전기요금 부담을 비교적 덜 느끼기 쉬움","냉방기기 대체재라기보다 보조용으로 보는 편이 맞음","문제해결형 추천","구매 전 확인할 조건을 정리하는 체크리스트형","자취생, 사무실 사용자, 더위를 많이 타는 사람 기준으로 클래파 탁상용 미니 무선 선풍기 D400W 고를 때 보기 쉬운 구매 전 체크","클래파 탁상용 미니 무선 선풍기 D400W를 실제 생활 공간에서 사용하는 한국형 라이프스타일 장면. 원룸, 책상, 거실 배경, 자연광, 과한 광고 느낌 없는 현실적인 분위기.","제품 상세정보와 현재 가격은 아래 링크에서 바로 확인 가능","이 포스팅은 쿠팡 파트너스 활동의 일환으로, 이에 따른 일정액의 수수료를 제공받습니다.","로켓배송>가전디지털>계절가전","계절가전","158","2026-05-13 15:37:09","","",""
"유파 35cm 좌석식 선풍기, AKF-A3520KA","유파 35cm 좌석식 선풍기 A3520KA","https://www.coupang.com/vp/products/8057359659?itemId=2740681609","https://www.coupang.com/vp/products/8057359659?itemId=2740681609","https://thumbnail.coupangcdn.com/thumbnails/remote/230x230ex/image/retail/images/2020/05/14/10/5/8f0bf18b-f592-4ad9-9901-89e94730743a.jpg","8057359659","2740681609","계절가전","27,880원","64","로켓배송, 내일도착","4.5","1011","165.66","high","1만-3만원대","선풍기/서큘레이터","여름","자취생, 사무실 사용자, 더위를 많이 타는 사람","원룸, 책상, 거실","여름철 방 안 공기가 답답하고 열감이 잘 빠지지 않을 때","소음이나 바람 세기가 애매하면 틀어두고 쓰기 불편함","좁은 공간에서도 체감 시원함을 만들기 좋음","상황에 따라 이동하거나 방향 조절하기 편함","전기요금 부담을 비교적 덜 느끼기 쉬움","냉방기기 대체재라기보다 보조용으로 보는 편이 맞음","문제해결형 추천","구매 전 확인할 조건을 정리하는 체크리스트형","자취생, 사무실 사용자, 더위를 많이 타는 사람 기준으로 유파 35cm 좌석식 선풍기 A3520KA 고를 때 보기 쉬운 구매 전 체크","유파 35cm 좌석식 선풍기 A3520KA를 실제 생활 공간에서 사용하는 한국형 라이프스타일 장면. 원룸, 책상, 거실 배경, 자연광, 과한 광고 느낌 없는 현실적인 분위기.","제품 상세정보와 현재 가격은 아래 링크에서 바로 확인 가능","이 포스팅은 쿠팡 파트너스 활동의 일환으로, 이에 따른 일정액의 수수료를 제공받습니다.","로켓배송>가전디지털>계절가전","계절가전","46","2026-05-13 15:36:36","","",""
"낫투 LG 에어컨 리모컨, 1개, COMBO-7325","낫투 LG 에어컨 리모컨","https://www.coupang.com/vp/products/7292000096?itemId=18640003710","https://www.coupang.com/vp/products/7292000096?itemId=18640003710","https://thumbnail.coupangcdn.com/thumbnails/remote/230x230ex/image/retail/images/2023/04/25/10/8/9a39a529-be88-43bc-834a-3487e607c2a6.jpg","7292000096","18640003710","계절가전","11,070원","7","로켓배송, 내일도착","5.0","850","166.0","high","1만-3만원대","에어컨/냉난방기","여름, 장마철","원룸, 거실, 사무실처럼 공간 크기에 맞는 냉방 제품을 찾는 사람","원룸, 거실, 사무실, 작은 매장","여름 전기요금과 설치 조건을 같이 보면서 냉방 제품을 골라야 할 때","평수, 설치 방식, 배관 조건을 놓치면 가격보다 설치에서 더 크게 막힐 수 있음","공간 면적과 설치 조건을 기준으로 판단하기 좋음","방문설치, 이동식, 창문형처럼 상황별 선택지가 분명함","계절 수요가 강해 구매 전 검색 의도가 뚜렷함","설치비, 배관형, 실외기 위치, 전기요금 부담은 반드시 따로 확인해야 함","문제해결형 추천","구매 전 확인할 조건을 정리하는 체크리스트형","원룸, 거실, 사무실처럼 공간 크기에 맞는 냉방 제품을 찾는 사람 기준으로 낫투 LG 에어컨 리모컨 고를 때 보기 쉬운 구매 전 체크","낫투 LG 에어컨 리모컨를 실제 생활 공간에서 사용하는 한국형 라이프스타일 장면. 원룸, 거실, 사무실, 작은 매장 배경, 자연광, 과한 광고 느낌 없는 현실적인 분위기.","제품 상세정보와 현재 가격은 아래 링크에서 바로 확인 가능","이 포스팅은 쿠팡 파트너스 활동의 일환으로, 이에 따른 일정액의 수수료를 제공받습니다.","로켓배송>가전디지털>계절가전","계절가전","179","2026-05-13 15:37:11","","",""
"루메나 휴대용 무선 냉각선풍기, FAN JET ULTRA, 티타늄그레이","루메나 휴대용 무선 냉각선풍기","https://www.coupang.com/vp/products/8717208468?itemId=25319111447","https://www.coupang.com/vp/products/8717208468?itemId=25319111447","https://thumbnail.coupangcdn.com/thumbnails/remote/230x230ex/image/retail/images/112544547062633-471fe257-9640-4950-acaf-462ff5b37b0c.jpg","8717208468","25319111447","계절가전","53,910원","25","로켓배송, 내일도착","4.5","822","170.32","high","3만-7만원대","선풍기/서큘레이터","여름","자취생, 사무실 사용자, 더위를 많이 타는 사람","원룸, 책상, 거실","여름철 방 안 공기가 답답하고 열감이 잘 빠지지 않을 때","소음이나 바람 세기가 애매하면 틀어두고 쓰기 불편함","좁은 공간에서도 체감 시원함을 만들기 좋음","상황에 따라 이동하거나 방향 조절하기 편함","전기요금 부담을 비교적 덜 느끼기 쉬움","냉방기기 대체재라기보다 보조용으로 보는 편이 맞음","문제해결형 추천","구매 전 확인할 조건을 정리하는 체크리스트형","자취생, 사무실 사용자, 더위를 많이 타는 사람 기준으로 루메나 휴대용 무선 냉각선풍기 고를 때 보기 쉬운 구매 전 체크","루메나 휴대용 무선 냉각선풍기를 실제 생활 공간에서 사용하는 한국형 라이프스타일 장면. 원룸, 책상, 거실 배경, 자연광, 과한 광고 느낌 없는 현실적인 분위기.","제품 상세정보와 현재 가격은 아래 링크에서 바로 확인 가능","이 포스팅은 쿠팡 파트너스 활동의 일환으로, 이에 따른 일정액의 수수료를 제공받습니다.","로켓배송>가전디지털>계절가전","계절가전","85","2026-05-13 15:36:51","","",""
"이노크아든 3단 소형 메탈크롬 공업용 업소용 선풍기, IA-BF1200N, 크롬 실버","이노크아든 3단 소형 메탈크롬 선풍기 BF1200N","https://www.coupang.com/vp/products/8106384195?itemId=25314183536","https://www.coupang.com/vp/products/8106384195?itemId=25314183536","https://thumbnail.coupangcdn.com/thumbnails/remote/230x230ex/image/retail/images/2025/04/14/18/0/a8a9d9b9-87ee-41ae-a708-438d71d38800.jpg","8106384195","25314183536","계절가전","31,900원","39","로켓배송, 내일도착","5.0","722","158.32","high","3만-7만원대","선풍기/서큘레이터","여름","자취생, 사무실 사용자, 더위를 많이 타는 사람","원룸, 책상, 거실","여름철 방 안 공기가 답답하고 열감이 잘 빠지지 않을 때","소음이나 바람 세기가 애매하면 틀어두고 쓰기 불편함","좁은 공간에서도 체감 시원함을 만들기 좋음","상황에 따라 이동하거나 방향 조절하기 편함","전기요금 부담을 비교적 덜 느끼기 쉬움","냉방기기 대체재라기보다 보조용으로 보는 편이 맞음","문제해결형 추천","구매 전 확인할 조건을 정리하는 체크리스트형","자취생, 사무실 사용자, 더위를 많이 타는 사람 기준으로 이노크아든 3단 소형 메탈크롬 선풍기 BF1200N 고를 때 보기 쉬운 구매 전 체크","이노크아든 3단 소형 메탈크롬 선풍기 BF1200N를 실제 생활 공간에서 사용하는 한국형 라이프스타일 장면. 원룸, 책상, 거실 배경, 자연광, 과한 광고 느낌 없는 현실적인 분위기.","제품 상세정보와 현재 가격은 아래 링크에서 바로 확인 가능","이 포스팅은 쿠팡 파트너스 활동의 일환으로, 이에 따른 일정액의 수수료를 제공받습니다.","로켓배송>가전디지털>계절가전","계절가전","144","2026-05-13 15:37:08","","",""
"Darlisex 원룸 공기청정기 저소음 미니 공기청정기 거실 사무실 음이온, DA-300, 1","Darlisex 원룸 공기청정기 저소음","https://www.coupang.com/vp/products/8640189953?itemId=25073363515","https://www.coupang.com/vp/products/8640189953?itemId=25073363515","https://thumbnail.coupangcdn.com/thumbnails/remote/230x230ex/image/vendor_inventory/be77/8e0f1a4e1576ac33f00ed21dfd6f16ef6d30ee67d1a89f8af59c242d6d84.jpg","8640189953","25073363515","계절가전","24,700원","34","로켓판매자, 내일도착","4.5","713","163.78","high","1만-3만원대","공기/위생 관리용품","사계절, 장마철","원룸, 아이 있는 집, 반려동물 가정, 실내 생활 시간이 긴 사람","원룸, 침실, 거실, 옷장, 욕실","집 안 공기질, 냄새, 습기, 위생 관리가 신경 쓰일 때","효과 범위와 교체 주기를 모르고 사면 체감이 약할 수 있음","반복 구매나 관리 수요로 이어지기 쉬움","공간 크기와 사용 주기를 기준으로 판단하기 좋음","가격 부담이 비교적 낮아 상세 정보 확인 장벽이 낮음","사용 면적, 교체 주기, 소모품 비용을 같이 확인해야 함","문제해결형 추천","구매 전 확인할 조건을 정리하는 체크리스트형","원룸, 아이 있는 집, 반려동물 가정, 실내 생활 시간이 긴 사람 기준으로 Darlisex 원룸 공기청정기 저소음 고를 때 보기 쉬운 구매 전 체크","Darlisex 원룸 공기청정기 저소음를 실제 생활 공간에서 사용하는 한국형 라이프스타일 장면. 원룸, 침실, 거실, 옷장, 욕실 배경, 자연광, 과한 광고 느낌 없는 현실적인 분위기.","제품 상세정보와 현재 가격은 아래 링크에서 바로 확인 가능","이 포스팅은 쿠팡 파트너스 활동의 일환으로, 이에 따른 일정액의 수수료를 제공받습니다.","로켓배송>가전디지털>계절가전","계절가전","119","2026-05-13 15:36:55","","",""
"아이홈즈 벽걸이에어컨 바람막이 무동력팬 무풍 에어컨 가드, 투명, 1개, 투명","아이홈즈 벽걸이에어컨 바람막이 무동력팬 에어컨","https://www.coupang.com/vp/products/7188512499?itemId=18144359941","https://www.coupang.com/vp/products/7188512499?itemId=18144359941","https://thumbnail.coupangcdn.com/thumbnails/remote/230x230ex/image/vendor_inventory/8181/cf658ccc1b79e2c673021417515f8ec543ac96912538d8cde45759b55964.jpg","7188512499","18144359941","계절가전","17,200원","52","로켓판매자, 내일도착","4.5","708","147.48","high","1만-3만원대","에어컨/냉난방기","여름, 장마철","원룸, 거실, 사무실처럼 공간 크기에 맞는 냉방 제품을 찾는 사람","원룸, 거실, 사무실, 작은 매장","여름 전기요금과 설치 조건을 같이 보면서 냉방 제품을 골라야 할 때","평수, 설치 방식, 배관 조건을 놓치면 가격보다 설치에서 더 크게 막힐 수 있음","공간 면적과 설치 조건을 기준으로 판단하기 좋음","방문설치, 이동식, 창문형처럼 상황별 선택지가 분명함","계절 수요가 강해 구매 전 검색 의도가 뚜렷함","설치비, 배관형, 실외기 위치, 전기요금 부담은 반드시 따로 확인해야 함","문제해결형 추천","구매 전 확인할 조건을 정리하는 체크리스트형","원룸, 거실, 사무실처럼 공간 크기에 맞는 냉방 제품을 찾는 사람 기준으로 아이홈즈 벽걸이에어컨 바람막이 무동력팬 에어컨 고를 때 보기 쉬운 구매 전 체크","아이홈즈 벽걸이에어컨 바람막이 무동력팬 에어컨를 실제 생활 공간에서 사용하는 한국형 라이프스타일 장면. 원룸, 거실, 사무실, 작은 매장 배경, 자연광, 과한 광고 느낌 없는 현실적인 분위기.","제품 상세정보와 현재 가격은 아래 링크에서 바로 확인 가능","이 포스팅은 쿠팡 파트너스 활동의 일환으로, 이에 따른 일정액의 수수료를 제공받습니다.","로켓배송>가전디지털>계절가전","계절가전","88","2026-05-13 15:36:51","","",""
"LebenUP 360도 써큘레이터 선풍기 스탠드형 리모컨 서큘레이터 무소음 에어","LebenUP 360도 써큘레이터 선풍기 리모컨","https://www.coupang.com/vp/products/8703737706?itemId=25276430384","https://www.coupang.com/vp/products/8703737706?itemId=25276430384","https://thumbnail.coupangcdn.com/thumbnails/remote/230x230ex/image/vendor_inventory/41ee/a69ed17672d47a8e0ca7912e70e2b16c46874879ba3e261cb3c72da0c4b7.jpg","8703737706","25276430384","계절가전","68,900원","56","로켓판매자, 내일도착","5.0","691","156.46","high","3만-7만원대","선풍기/서큘레이터","여름","자취생, 사무실 사용자, 더위를 많이 타는 사람","원룸, 책상, 거실","여름철 방 안 공기가 답답하고 열감이 잘 빠지지 않을 때","소음이나 바람 세기가 애매하면 틀어두고 쓰기 불편함","좁은 공간에서도 체감 시원함을 만들기 좋음","상황에 따라 이동하거나 방향 조절하기 편함","전기요금 부담을 비교적 덜 느끼기 쉬움","냉방기기 대체재라기보다 보조용으로 보는 편이 맞음","문제해결형 추천","구매 전 확인할 조건을 정리하는 체크리스트형","자취생, 사무실 사용자, 더위를 많이 타는 사람 기준으로 LebenUP 360도 써큘레이터 선풍기 리모컨 고를 때 보기 쉬운 구매 전 체크","LebenUP 360도 써큘레이터 선풍기 리모컨를 실제 생활 공간에서 사용하는 한국형 라이프스타일 장면. 원룸, 책상, 거실 배경, 자연광, 과한 광고 느낌 없는 현실적인 분위기.","제품 상세정보와 현재 가격은 아래 링크에서 바로 확인 가능","이 포스팅은 쿠팡 파트너스 활동의 일환으로, 이에 따른 일정액의 수수료를 제공받습니다.","로켓배송>가전디지털>계절가전","계절가전","182","2026-05-13 15:37:11","","",""
"한일전기 자동회전 되는 클립형 집게형 탁상용 미니 선풍기, EF-70CR(핑크)","한일전기 자동회전 되는 클립형 선풍기 70CR","https://www.coupang.com/vp/products/176642733?itemId=22204665604","https://www.coupang.com/vp/products/176642733?itemId=22204665604","https://thumbnail.coupangcdn.com/thumbnails/remote/230x230ex/image/vendor_inventory/ff07/bdebb0e83e576130499f6d9c9cd69464091b4fd0d3d5f18bc9026e861cbb.jpg","176642733","22204665604","계절가전","36,900원","37","로켓판매자, 내일도착","5.0","610","151.6","high","3만-7만원대","선풍기/서큘레이터","여름","자취생, 사무실 사용자, 더위를 많이 타는 사람","원룸, 책상, 거실","여름철 방 안 공기가 답답하고 열감이 잘 빠지지 않을 때","소음이나 바람 세기가 애매하면 틀어두고 쓰기 불편함","좁은 공간에서도 체감 시원함을 만들기 좋음","상황에 따라 이동하거나 방향 조절하기 편함","전기요금 부담을 비교적 덜 느끼기 쉬움","냉방기기 대체재라기보다 보조용으로 보는 편이 맞음","문제해결형 추천","구매 전 확인할 조건을 정리하는 체크리스트형","자취생, 사무실 사용자, 더위를 많이 타는 사람 기준으로 한일전기 자동회전 되는 클립형 선풍기 70CR 고를 때 보기 쉬운 구매 전 체크","한일전기 자동회전 되는 클립형 선풍기 70CR를 실제 생활 공간에서 사용하는 한국형 라이프스타일 장면. 원룸, 책상, 거실 배경, 자연광, 과한 광고 느낌 없는 현실적인 분위기.","제품 상세정보와 현재 가격은 아래 링크에서 바로 확인 가능","이 포스팅은 쿠팡 파트너스 활동의 일환으로, 이에 따른 일정액의 수수료를 제공받습니다.","로켓배송>가전디지털>계절가전","계절가전","147","2026-05-13 15:37:08","","",""
"오아 라운드 미니 탁상용 무선 휴대용 USB BLDC 선풍기, OFN-047BE, 베이지","오아 라운드 미니 탁상용 선풍기 047BE","https://www.coupang.com/vp/products/7475562420?itemId=19515505552","https://www.coupang.com/vp/products/7475562420?itemId=19515505552","https://thumbnail.coupangcdn.com/thumbnails/remote/230x230ex/image/retail/images/104583235609527-929e35e7-b227-4989-a697-bcf49932e0d9.jpg","7475562420","19515505552","계절가전","23,800원","14","로켓배송, 내일도착","5.0","574","157.44","high","1만-3만원대","선풍기/서큘레이터","여름","자취생, 사무실 사용자, 더위를 많이 타는 사람","원룸, 책상, 거실","여름철 방 안 공기가 답답하고 열감이 잘 빠지지 않을 때","소음이나 바람 세기가 애매하면 틀어두고 쓰기 불편함","좁은 공간에서도 체감 시원함을 만들기 좋음","상황에 따라 이동하거나 방향 조절하기 편함","전기요금 부담을 비교적 덜 느끼기 쉬움","냉방기기 대체재라기보다 보조용으로 보는 편이 맞음","문제해결형 추천","구매 전 확인할 조건을 정리하는 체크리스트형","자취생, 사무실 사용자, 더위를 많이 타는 사람 기준으로 오아 라운드 미니 탁상용 선풍기 047BE 고를 때 보기 쉬운 구매 전 체크","오아 라운드 미니 탁상용 선풍기 047BE를 실제 생활 공간에서 사용하는 한국형 라이프스타일 장면. 원룸, 책상, 거실 배경, 자연광, 과한 광고 느낌 없는 현실적인 분위기.","제품 상세정보와 현재 가격은 아래 링크에서 바로 확인 가능","이 포스팅은 쿠팡 파트너스 활동의 일환으로, 이에 따른 일정액의 수수료를 제공받습니다.","로켓배송>가전디지털>계절가전","계절가전","106","2026-05-13 15:36:53","","",""
"카프 휴대용 무선 충전식 초소형 BLDC 모터 키링 미니 핸디 선풍기, KF-SHF05, 블루","카프 휴대용 무선 충전식 선풍기 SHF05","https://www.coupang.com/vp/products/8692714483?itemId=25238459359","https://www.coupang.com/vp/products/8692714483?itemId=25238459359","https://thumbnail.coupangcdn.com/thumbnails/remote/230x230ex/image/retail/images/98568948673220-4ad4f8c0-3a7a-40d9-93b0-b07b0472f836.jpg","8692714483","25238459359","계절가전","9,710원","57","로켓배송, 내일도착","5.0","566","154.96","high","1만원 미만","선풍기/서큘레이터","여름","자취생, 사무실 사용자, 더위를 많이 타는 사람","원룸, 책상, 거실","여름철 방 안 공기가 답답하고 열감이 잘 빠지지 않을 때","소음이나 바람 세기가 애매하면 틀어두고 쓰기 불편함","좁은 공간에서도 체감 시원함을 만들기 좋음","상황에 따라 이동하거나 방향 조절하기 편함","전기요금 부담을 비교적 덜 느끼기 쉬움","냉방기기 대체재라기보다 보조용으로 보는 편이 맞음","문제해결형 추천","구매 전 확인할 조건을 정리하는 체크리스트형","자취생, 사무실 사용자, 더위를 많이 타는 사람 기준으로 카프 휴대용 무선 충전식 선풍기 SHF05 고를 때 보기 쉬운 구매 전 체크","카프 휴대용 무선 충전식 선풍기 SHF05를 실제 생활 공간에서 사용하는 한국형 라이프스타일 장면. 원룸, 책상, 거실 배경, 자연광, 과한 광고 느낌 없는 현실적인 분위기.","제품 상세정보와 현재 가격은 아래 링크에서 바로 확인 가능","이 포스팅은 쿠팡 파트너스 활동의 일환으로, 이에 따른 일정액의 수수료를 제공받습니다.","로켓배송>가전디지털>계절가전","계절가전","138","2026-05-13 15:37:07","","",""
"신클퍼 급속 냉각 에어컨 아이스 휴대용 선풍기 3000mAh 손선풍기, 화이트","신클퍼 급속 냉각 에어컨 선풍기 3000mAh","https://www.coupang.com/vp/products/8777948053?itemId=25538180177","https://www.coupang.com/vp/products/8777948053?itemId=25538180177","https://thumbnail.coupangcdn.com/thumbnails/remote/230x230ex/image/vendor_inventory/c3a5/23b962e224bfaed74eb015deaa2bba4465a61b2c48d86838a8e233bd131a.png","8777948053","25538180177","계절가전","12,900원","43","로켓판매자, 내일도착","5.0","566","148.96","high","1만-3만원대","선풍기/서큘레이터","여름","자취생, 사무실 사용자, 더위를 많이 타는 사람","원룸, 책상, 거실","여름철 방 안 공기가 답답하고 열감이 잘 빠지지 않을 때","소음이나 바람 세기가 애매하면 틀어두고 쓰기 불편함","좁은 공간에서도 체감 시원함을 만들기 좋음","상황에 따라 이동하거나 방향 조절하기 편함","전기요금 부담을 비교적 덜 느끼기 쉬움","냉방기기 대체재라기보다 보조용으로 보는 편이 맞음","문제해결형 추천","구매 전 확인할 조건을 정리하는 체크리스트형","자취생, 사무실 사용자, 더위를 많이 타는 사람 기준으로 신클퍼 급속 냉각 에어컨 선풍기 3000mAh 고를 때 보기 쉬운 구매 전 체크","신클퍼 급속 냉각 에어컨 선풍기 3000mAh를 실제 생활 공간에서 사용하는 한국형 라이프스타일 장면. 원룸, 책상, 거실 배경, 자연광, 과한 광고 느낌 없는 현실적인 분위기.","제품 상세정보와 현재 가격은 아래 링크에서 바로 확인 가능","이 포스팅은 쿠팡 파트너스 활동의 일환으로, 이에 따른 일정액의 수수료를 제공받습니다.","로켓배송>가전디지털>계절가전","계절가전","178","2026-05-13 15:37:11","","",""
"대웅모닝컴 미세풍 발터치 좌석용 리모컨 선풍기, DWF-FR1410","대웅모닝컴 미세풍 발터치 좌석용 리모컨 선풍기 FR1410","https://www.coupang.com/vp/products/213830652?itemId=649177000","https://www.coupang.com/vp/products/213830652?itemId=649177000","https://thumbnail.coupangcdn.com/thumbnails/remote/230x230ex/image/retail/images/2019/04/25/17/4/b3bc142e-8a96-4ee9-ab21-390399995588.jpg","213830652","649177000","계절가전","30,200원","73","로켓배송, 내일도착","4.5","550","138.0","medium","3만-7만원대","선풍기/서큘레이터","여름","자취생, 사무실 사용자, 더위를 많이 타는 사람","원룸, 책상, 거실","여름철 방 안 공기가 답답하고 열감이 잘 빠지지 않을 때","소음이나 바람 세기가 애매하면 틀어두고 쓰기 불편함","좁은 공간에서도 체감 시원함을 만들기 좋음","상황에 따라 이동하거나 방향 조절하기 편함","전기요금 부담을 비교적 덜 느끼기 쉬움","냉방기기 대체재라기보다 보조용으로 보는 편이 맞음","문제해결형 추천","구매 전 확인할 조건을 정리하는 체크리스트형","자취생, 사무실 사용자, 더위를 많이 타는 사람 기준으로 대웅모닝컴 미세풍 발터치 좌석용 리모컨 선풍기 FR1410 고를 때 보기 쉬운 구매 전 체크","대웅모닝컴 미세풍 발터치 좌석용 리모컨 선풍기 FR1410를 실제 생활 공간에서 사용하는 한국형 라이프스타일 장면. 원룸, 책상, 거실 배경, 자연광, 과한 광고 느낌 없는 현실적인 분위기.","제품 상세정보와 현재 가격은 아래 링크에서 바로 확인 가능","이 포스팅은 쿠팡 파트너스 활동의 일환으로, 이에 따른 일정액의 수수료를 제공받습니다.","로켓배송>가전디지털>계절가전","계절가전","6","2026-05-13 15:36:22","","",""
"돌아라 무선 집게 선풍기 무소음 소형 책상선풍기 4000mAh, 흑요자","돌아라 무선 집게 선풍기 책상선풍기 4000mAh","https://www.coupang.com/vp/products/8062006244?itemId=22652224325","https://www.coupang.com/vp/products/8062006244?itemId=22652224325","https://thumbnail.coupangcdn.com/thumbnails/remote/230x230ex/image/vendor_inventory/image_audit/prod/5656b55c-c5d2-475e-8683-46eed5138c28_fixing_v2.png","8062006244","22652224325","계절가전","19,800원","40","로켓판매자, 내일도착","5.0","544","155.64","high","1만-3만원대","선풍기/서큘레이터","여름","자취생, 사무실 사용자, 더위를 많이 타는 사람","원룸, 책상, 거실","여름철 방 안 공기가 답답하고 열감이 잘 빠지지 않을 때","소음이나 바람 세기가 애매하면 틀어두고 쓰기 불편함","좁은 공간에서도 체감 시원함을 만들기 좋음","상황에 따라 이동하거나 방향 조절하기 편함","전기요금 부담을 비교적 덜 느끼기 쉬움","냉방기기 대체재라기보다 보조용으로 보는 편이 맞음","문제해결형 추천","구매 전 확인할 조건을 정리하는 체크리스트형","자취생, 사무실 사용자, 더위를 많이 타는 사람 기준으로 돌아라 무선 집게 선풍기 책상선풍기 4000mAh 고를 때 보기 쉬운 구매 전 체크","돌아라 무선 집게 선풍기 책상선풍기 4000mAh를 실제 생활 공간에서 사용하는 한국형 라이프스타일 장면. 원룸, 책상, 거실 배경, 자연광, 과한 광고 느낌 없는 현실적인 분위기.","제품 상세정보와 현재 가격은 아래 링크에서 바로 확인 가능","이 포스팅은 쿠팡 파트너스 활동의 일환으로, 이에 따른 일정액의 수수료를 제공받습니다.","로켓배송>가전디지털>계절가전","계절가전","74","2026-05-13 15:36:39","","",""
"무선 선풍기 휴대용 캠핑 미니 서큘레이터, L SIZE","무선 선풍기 휴대용 캠핑 서큘레이터","https://www.coupang.com/vp/products/8003421594?itemId=22297534204","https://www.coupang.com/vp/products/8003421594?itemId=22297534204","https://thumbnail.coupangcdn.com/thumbnails/remote/230x230ex/image/vendor_inventory/83a6/e65d6cc932a3b10014a73baff04bf52edb55e48fe61b592cdc3e72f4f65b.png","8003421594","22297534204","계절가전","109,900원","55","로켓판매자, 내일도착","4.5","481","149.86","high","7만-15만원대","선풍기/서큘레이터","여름","자취생, 사무실 사용자, 더위를 많이 타는 사람","원룸, 책상, 거실","여름철 방 안 공기가 답답하고 열감이 잘 빠지지 않을 때","소음이나 바람 세기가 애매하면 틀어두고 쓰기 불편함","좁은 공간에서도 체감 시원함을 만들기 좋음","상황에 따라 이동하거나 방향 조절하기 편함","전기요금 부담을 비교적 덜 느끼기 쉬움","냉방기기 대체재라기보다 보조용으로 보는 편이 맞음","문제해결형 추천","구매 전 확인할 조건을 정리하는 체크리스트형","자취생, 사무실 사용자, 더위를 많이 타는 사람 기준으로 무선 선풍기 휴대용 캠핑 서큘레이터 고를 때 보기 쉬운 구매 전 체크","무선 선풍기 휴대용 캠핑 서큘레이터를 실제 생활 공간에서 사용하는 한국형 라이프스타일 장면. 원룸, 책상, 거실 배경, 자연광, 과한 광고 느낌 없는 현실적인 분위기.","제품 상세정보와 현재 가격은 아래 링크에서 바로 확인 가능","이 포스팅은 쿠팡 파트너스 활동의 일환으로, 이에 따른 일정액의 수수료를 제공받습니다.","로켓배송>가전디지털>계절가전","계절가전","145","2026-05-13 15:37:08","","",""
"에이든 바람싹 벽걸이형 에어컨 바람막이, 1개, MJ-AIR01","에이든 바람싹 벽걸이형 에어컨 AIR01","https://www.coupang.com/vp/products/8089950087?itemId=22846054865","https://www.coupang.com/vp/products/8089950087?itemId=22846054865","https://thumbnail.coupangcdn.com/thumbnails/remote/230x230ex/image/retail/images/2024/05/10/11/4/940464a1-ebd5-478c-a0e8-1edbf8c58646.jpg","8089950087","22846054865","계절가전","15,900원","36","로켓배송, 내일도착","4.5","476","133.56","medium","1만-3만원대","에어컨/냉난방기","여름, 장마철","원룸, 거실, 사무실처럼 공간 크기에 맞는 냉방 제품을 찾는 사람","원룸, 거실, 사무실, 작은 매장","여름 전기요금과 설치 조건을 같이 보면서 냉방 제품을 골라야 할 때","평수, 설치 방식, 배관 조건을 놓치면 가격보다 설치에서 더 크게 막힐 수 있음","공간 면적과 설치 조건을 기준으로 판단하기 좋음","방문설치, 이동식, 창문형처럼 상황별 선택지가 분명함","계절 수요가 강해 구매 전 검색 의도가 뚜렷함","설치비, 배관형, 실외기 위치, 전기요금 부담은 반드시 따로 확인해야 함","문제해결형 추천","구매 전 확인할 조건을 정리하는 체크리스트형","원룸, 거실, 사무실처럼 공간 크기에 맞는 냉방 제품을 찾는 사람 기준으로 에이든 바람싹 벽걸이형 에어컨 AIR01 고를 때 보기 쉬운 구매 전 체크","에이든 바람싹 벽걸이형 에어컨 AIR01를 실제 생활 공간에서 사용하는 한국형 라이프스타일 장면. 원룸, 거실, 사무실, 작은 매장 배경, 자연광, 과한 광고 느낌 없는 현실적인 분위기.","제품 상세정보와 현재 가격은 아래 링크에서 바로 확인 가능","이 포스팅은 쿠팡 파트너스 활동의 일환으로, 이에 따른 일정액의 수수료를 제공받습니다.","로켓배송>가전디지털>계절가전","계절가전","132","2026-05-13 15:37:07","","",""
"환경필터 샤오미 미에어 공기청정기 호환 필터 + 필터세이퍼, 1개, 미에어 (그레이)","환경필터 샤오미 미에어 공기청정기","https://www.coupang.com/vp/products/8741924028?itemId=25390590507","https://www.coupang.com/vp/products/8741924028?itemId=25390590507","https://thumbnail.coupangcdn.com/thumbnails/remote/230x230ex/image/vendor_inventory/39c6/7c7559c7f05fdc872e77fc8cb862e0bbf27a0b48595b8a4e017e12a75fd3.jpg","8741924028","25390590507","계절가전","15,300원","21","로켓판매자, 내일도착","4.5","440","131.4","medium","1만-3만원대","공기/위생 관리용품","사계절, 장마철","원룸, 아이 있는 집, 반려동물 가정, 실내 생활 시간이 긴 사람","원룸, 침실, 거실, 옷장, 욕실","집 안 공기질, 냄새, 습기, 위생 관리가 신경 쓰일 때","효과 범위와 교체 주기를 모르고 사면 체감이 약할 수 있음","반복 구매나 관리 수요로 이어지기 쉬움","공간 크기와 사용 주기를 기준으로 판단하기 좋음","가격 부담이 비교적 낮아 상세 정보 확인 장벽이 낮음","사용 면적, 교체 주기, 소모품 비용을 같이 확인해야 함","문제해결형 추천","구매 전 확인할 조건을 정리하는 체크리스트형","원룸, 아이 있는 집, 반려동물 가정, 실내 생활 시간이 긴 사람 기준으로 환경필터 샤오미 미에어 공기청정기 고를 때 보기 쉬운 구매 전 체크","환경필터 샤오미 미에어 공기청정기를 실제 생활 공간에서 사용하는 한국형 라이프스타일 장면. 원룸, 침실, 거실, 옷장, 욕실 배경, 자연광, 과한 광고 느낌 없는 현실적인 분위기.","제품 상세정보와 현재 가격은 아래 링크에서 바로 확인 가능","이 포스팅은 쿠팡 파트너스 활동의 일환으로, 이에 따른 일정액의 수수료를 제공받습니다.","로켓배송>가전디지털>계절가전","계절가전","184","2026-05-13 15:37:11","","",""
"국산 원단 국내 제조 대우 위니아 신일 일렉트로맨 미니 건조기 호환 필터, 배기필터 10매","국산 원단 국내 제조 건조기","https://www.coupang.com/vp/products/8472619145?itemId=24515136957","https://www.coupang.com/vp/products/8472619145?itemId=24515136957","https://thumbnail.coupangcdn.com/thumbnails/remote/230x230ex/image/vendor_inventory/8b4f/ede93f3ff797cbbdfebbc32455d338136a3c18c8f11e339a9d14813873d6.jpg","8472619145","24515136957","계절가전","7,500원","50","로켓판매자, 내일도착","5.0","415","129.9","medium","1만원 미만","공기/위생 관리용품","사계절, 장마철","원룸, 아이 있는 집, 반려동물 가정, 실내 생활 시간이 긴 사람","원룸, 침실, 거실, 옷장, 욕실","집 안 공기질, 냄새, 습기, 위생 관리가 신경 쓰일 때","효과 범위와 교체 주기를 모르고 사면 체감이 약할 수 있음","반복 구매나 관리 수요로 이어지기 쉬움","공간 크기와 사용 주기를 기준으로 판단하기 좋음","가격 부담이 비교적 낮아 상세 정보 확인 장벽이 낮음","사용 면적, 교체 주기, 소모품 비용을 같이 확인해야 함","문제해결형 추천","구매 전 확인할 조건을 정리하는 체크리스트형","원룸, 아이 있는 집, 반려동물 가정, 실내 생활 시간이 긴 사람 기준으로 국산 원단 국내 제조 건조기 고를 때 보기 쉬운 구매 전 체크","국산 원단 국내 제조 건조기를 실제 생활 공간에서 사용하는 한국형 라이프스타일 장면. 원룸, 침실, 거실, 옷장, 욕실 배경, 자연광, 과한 광고 느낌 없는 현실적인 분위기.","제품 상세정보와 현재 가격은 아래 링크에서 바로 확인 가능","이 포스팅은 쿠팡 파트너스 활동의 일환으로, 이에 따른 일정액의 수수료를 제공받습니다.","로켓배송>가전디지털>계절가전","계절가전","130","2026-05-13 15:36:56","","",""
"민루플 급속 냉각 에어컨 접이식 무선 휴대용 선풍기 미니선풍기 손선풍기 100단계 조절, 퍼플","민루플 급속 냉각 에어컨 선풍기","https://www.coupang.com/vp/products/8814517120?itemId=25681808236","https://www.coupang.com/vp/products/8814517120?itemId=25681808236","https://thumbnail.coupangcdn.com/thumbnails/remote/230x230ex/image/vendor_inventory/74ad/f29b23bb2f48a5495602ec8126375c0d10164171df25b5a8665a5de83913.png","8814517120","25681808236","계절가전","12,800원","43","로켓판매자, 내일도착","5.0","403","139.18","medium","1만-3만원대","선풍기/서큘레이터","여름","자취생, 사무실 사용자, 더위를 많이 타는 사람","원룸, 책상, 거실","여름철 방 안 공기가 답답하고 열감이 잘 빠지지 않을 때","소음이나 바람 세기가 애매하면 틀어두고 쓰기 불편함","좁은 공간에서도 체감 시원함을 만들기 좋음","상황에 따라 이동하거나 방향 조절하기 편함","전기요금 부담을 비교적 덜 느끼기 쉬움","냉방기기 대체재라기보다 보조용으로 보는 편이 맞음","문제해결형 추천","구매 전 확인할 조건을 정리하는 체크리스트형","자취생, 사무실 사용자, 더위를 많이 타는 사람 기준으로 민루플 급속 냉각 에어컨 선풍기 고를 때 보기 쉬운 구매 전 체크","민루플 급속 냉각 에어컨 선풍기를 실제 생활 공간에서 사용하는 한국형 라이프스타일 장면. 원룸, 책상, 거실 배경, 자연광, 과한 광고 느낌 없는 현실적인 분위기.","제품 상세정보와 현재 가격은 아래 링크에서 바로 확인 가능","이 포스팅은 쿠팡 파트너스 활동의 일환으로, 이에 따른 일정액의 수수료를 제공받습니다.","로켓배송>가전디지털>계절가전","계절가전","199","2026-05-13 15:37:23","","",""
"홈리드 LCD 해충퇴치기, HL3600W","홈리드 LCD 해충퇴치기 HL3600W","https://www.coupang.com/vp/products/8805793695?itemId=25646082583","https://www.coupang.com/vp/products/8805793695?itemId=25646082583","https://thumbnail.coupangcdn.com/thumbnails/remote/230x230ex/image/vendor_inventory/92bf/9fab1a5b91e6b4c18a23a66e270d41527a0d2a29a831fb2d21893a710bec.png","8805793695","25646082583","계절가전","37,810원","35","로켓판매자, 내일도착","5.0","403","139.18","medium","3만-7만원대","해충퇴치용품","여름, 장마철","아이 있는 집, 원룸 거주자, 주방이나 베란다 벌레가 신경 쓰이는 사람","침실, 거실, 주방, 베란다","여름철 집 안에 모기나 날벌레가 늘어서 생활이 불편할 때","냄새, 소음, 안전성, 설치 위치를 모르고 고르면 오래 쓰기 어려움","생활 공간별로 필요한 방식이 달라 비교 포인트가 분명함","여름철 즉시성이 강해서 상세 조건 확인으로 이어지기 쉬움","소모품 여부와 관리 편의성을 함께 판단하기 좋음","사용 공간, 아이나 반려동물 동선, 소모품 교체 여부를 확인해야 함","문제해결형 추천","구매 전 확인할 조건을 정리하는 체크리스트형","아이 있는 집, 원룸 거주자, 주방이나 베란다 벌레가 신경 쓰이는 사람 기준으로 홈리드 LCD 해충퇴치기 HL3600W 고를 때 보기 쉬운 구매 전 체크","홈리드 LCD 해충퇴치기 HL3600W를 실제 생활 공간에서 사용하는 한국형 라이프스타일 장면. 침실, 거실, 주방, 베란다 배경, 자연광, 과한 광고 느낌 없는 현실적인 분위기.","제품 상세정보와 현재 가격은 아래 링크에서 바로 확인 가능","이 포스팅은 쿠팡 파트너스 활동의 일환으로, 이에 따른 일정액의 수수료를 제공받습니다.","로켓배송>가전디지털>계절가전","계절가전","95","2026-05-13 15:36:52","","",""
"루메나 폴더블 휴대용 선풍기, FAN PRO MAX, 다크그레이","루메나 폴더블 휴대용 선풍기","https://www.coupang.com/vp/products/8728858214?itemId=25360691553","https://www.coupang.com/vp/products/8728858214?itemId=25360691553","https://thumbnail.coupangcdn.com/thumbnails/remote/230x230ex/image/retail/images/153862876835409-c0c5a8f1-cdac-4ee9-b03b-757256fc6f90.jpg","8728858214","25360691553","계절가전","47,900원","22","로켓배송, 내일도착","5.0","398","146.88","high","3만-7만원대","선풍기/서큘레이터","여름","자취생, 사무실 사용자, 더위를 많이 타는 사람","원룸, 책상, 거실","여름철 방 안 공기가 답답하고 열감이 잘 빠지지 않을 때","소음이나 바람 세기가 애매하면 틀어두고 쓰기 불편함","좁은 공간에서도 체감 시원함을 만들기 좋음","상황에 따라 이동하거나 방향 조절하기 편함","전기요금 부담을 비교적 덜 느끼기 쉬움","냉방기기 대체재라기보다 보조용으로 보는 편이 맞음","문제해결형 추천","구매 전 확인할 조건을 정리하는 체크리스트형","자취생, 사무실 사용자, 더위를 많이 타는 사람 기준으로 루메나 폴더블 휴대용 선풍기 고를 때 보기 쉬운 구매 전 체크","루메나 폴더블 휴대용 선풍기를 실제 생활 공간에서 사용하는 한국형 라이프스타일 장면. 원룸, 책상, 거실 배경, 자연광, 과한 광고 느낌 없는 현실적인 분위기.","제품 상세정보와 현재 가격은 아래 링크에서 바로 확인 가능","이 포스팅은 쿠팡 파트너스 활동의 일환으로, 이에 따른 일정액의 수수료를 제공받습니다.","로켓배송>가전디지털>계절가전","계절가전","116","2026-05-13 15:36:55","","",""
"Frokom 휴대용 에어컨 손 선풍기 미니 탁상용선풍기 100단조절 1초급속냉각 3600mah BLDC모터 저소음, 화이트","Frokom 휴대용 에어컨 선풍기 3600mah","https://www.coupang.com/vp/products/8003196663?itemId=22296564975","https://www.coupang.com/vp/products/8003196663?itemId=22296564975","https://thumbnail.coupangcdn.com/thumbnails/remote/230x230ex/image/vendor_inventory/image_audit/prod/2050a357-1ae8-444f-9c8a-c3a85b886f71_fixing_v2.png","8003196663","22296564975","계절가전","26,500원","0","로켓판매자, 내일도착","5.0","371","145.26","high","1만-3만원대","선풍기/서큘레이터","여름","자취생, 사무실 사용자, 더위를 많이 타는 사람","원룸, 책상, 거실","여름철 방 안 공기가 답답하고 열감이 잘 빠지지 않을 때","소음이나 바람 세기가 애매하면 틀어두고 쓰기 불편함","좁은 공간에서도 체감 시원함을 만들기 좋음","상황에 따라 이동하거나 방향 조절하기 편함","전기요금 부담을 비교적 덜 느끼기 쉬움","냉방기기 대체재라기보다 보조용으로 보는 편이 맞음","문제해결형 추천","구매 전 확인할 조건을 정리하는 체크리스트형","자취생, 사무실 사용자, 더위를 많이 타는 사람 기준으로 Frokom 휴대용 에어컨 선풍기 3600mah 고를 때 보기 쉬운 구매 전 체크","Frokom 휴대용 에어컨 선풍기 3600mah를 실제 생활 공간에서 사용하는 한국형 라이프스타일 장면. 원룸, 책상, 거실 배경, 자연광, 과한 광고 느낌 없는 현실적인 분위기.","제품 상세정보와 현재 가격은 아래 링크에서 바로 확인 가능","이 포스팅은 쿠팡 파트너스 활동의 일환으로, 이에 따른 일정액의 수수료를 제공받습니다.","로켓배송>가전디지털>계절가전","계절가전","149","2026-05-13 15:37:08","","",""
"홈스타 습기를 부탁해 걸이형 제습제 본품, 30g, 12개","홈스타 습기를 부탁해 걸이형 30g","https://www.coupang.com/vp/products/7328076975?itemId=18808055938","https://www.coupang.com/vp/products/7328076975?itemId=18808055938","https://thumbnail.coupangcdn.com/thumbnails/remote/230x230ex/image/retail/images/4929932939086718-617c1b2c-f8d8-45ae-b86d-fa54e2736703.jpg","7328076975","18808055938","계절가전","8,900원","25","로켓배송, 내일도착","5.0","359","126.54","medium","1만원 미만","공기/위생 관리용품","사계절, 장마철","원룸, 아이 있는 집, 반려동물 가정, 실내 생활 시간이 긴 사람","원룸, 침실, 거실, 옷장, 욕실","집 안 공기질, 냄새, 습기, 위생 관리가 신경 쓰일 때","효과 범위와 교체 주기를 모르고 사면 체감이 약할 수 있음","반복 구매나 관리 수요로 이어지기 쉬움","공간 크기와 사용 주기를 기준으로 판단하기 좋음","가격 부담이 비교적 낮아 상세 정보 확인 장벽이 낮음","사용 면적, 교체 주기, 소모품 비용을 같이 확인해야 함","문제해결형 추천","구매 전 확인할 조건을 정리하는 체크리스트형","원룸, 아이 있는 집, 반려동물 가정, 실내 생활 시간이 긴 사람 기준으로 홈스타 습기를 부탁해 걸이형 30g 고를 때 보기 쉬운 구매 전 체크","홈스타 습기를 부탁해 걸이형 30g를 실제 생활 공간에서 사용하는 한국형 라이프스타일 장면. 원룸, 침실, 거실, 옷장, 욕실 배경, 자연광, 과한 광고 느낌 없는 현실적인 분위기.","제품 상세정보와 현재 가격은 아래 링크에서 바로 확인 가능","이 포스팅은 쿠팡 파트너스 활동의 일환으로, 이에 따른 일정액의 수수료를 제공받습니다.","로켓배송>가전디지털>계절가전","계절가전","92","2026-05-13 15:36:52","","",""
"삼성전자 29.3㎡(8.9평) AI 무풍콤보 벽걸이 에어컨 AR60F09D11WT + 리모컨 세트 방문설치, 일반배관형","삼성전자 29 3㎡ 9평 에어컨 리모컨 AR60F09D11WT","https://www.coupang.com/vp/products/8660422802?itemId=25136781292","https://www.coupang.com/vp/products/8660422802?itemId=25136781292","https://thumbnail.coupangcdn.com/thumbnails/remote/230x230ex/image/retail/images/2025/03/19/15/3/779897e7-c740-4767-97e8-98603f6c9f87.jpg","8660422802","25136781292","계절가전","1,009,990원","25","","5.0","345","125.7","medium","50만원 이상","에어컨/냉난방기","여름, 장마철","원룸, 거실, 사무실처럼 공간 크기에 맞는 냉방 제품을 찾는 사람","원룸, 거실, 사무실, 작은 매장","여름 전기요금과 설치 조건을 같이 보면서 냉방 제품을 골라야 할 때","평수, 설치 방식, 배관 조건을 놓치면 가격보다 설치에서 더 크게 막힐 수 있음","공간 면적과 설치 조건을 기준으로 판단하기 좋음","방문설치, 이동식, 창문형처럼 상황별 선택지가 분명함","계절 수요가 강해 구매 전 검색 의도가 뚜렷함","설치비, 배관형, 실외기 위치, 전기요금 부담은 반드시 따로 확인해야 함","문제해결형 추천","구매 전 확인할 조건을 정리하는 체크리스트형","원룸, 거실, 사무실처럼 공간 크기에 맞는 냉방 제품을 찾는 사람 기준으로 삼성전자 29 3㎡ 9평 에어컨 리모컨 AR60F09D11WT 고를 때 보기 쉬운 구매 전 체크","삼성전자 29 3㎡ 9평 에어컨 리모컨 AR60F09D11WT를 실제 생활 공간에서 사용하는 한국형 라이프스타일 장면. 원룸, 거실, 사무실, 작은 매장 배경, 자연광, 과한 광고 느낌 없는 현실적인 분위기.","제품 상세정보와 현재 가격은 아래 링크에서 바로 확인 가능","이 포스팅은 쿠팡 파트너스 활동의 일환으로, 이에 따른 일정액의 수수료를 제공받습니다.","로켓배송>가전디지털>계절가전","계절가전","142","2026-05-13 15:37:07","","",""
"낫투 위니아 에어컨 전용 리모컨, COMBO-Winia, 1개","낫투 위니아 에어컨 전용 리모컨","https://www.coupang.com/vp/products/7308415123?itemId=18717768097","https://www.coupang.com/vp/products/7308415123?itemId=18717768097","https://thumbnail.coupangcdn.com/thumbnails/remote/230x230ex/image/retail/images/3052029385658756-5c3dcae3-68ff-4699-b8f6-4d698356f593.jpg","7308415123","18717768097","계절가전","13,260원","11","로켓배송, 내일도착","4.5","340","125.4","medium","1만-3만원대","에어컨/냉난방기","여름, 장마철","원룸, 거실, 사무실처럼 공간 크기에 맞는 냉방 제품을 찾는 사람","원룸, 거실, 사무실, 작은 매장","여름 전기요금과 설치 조건을 같이 보면서 냉방 제품을 골라야 할 때","평수, 설치 방식, 배관 조건을 놓치면 가격보다 설치에서 더 크게 막힐 수 있음","공간 면적과 설치 조건을 기준으로 판단하기 좋음","방문설치, 이동식, 창문형처럼 상황별 선택지가 분명함","계절 수요가 강해 구매 전 검색 의도가 뚜렷함","설치비, 배관형, 실외기 위치, 전기요금 부담은 반드시 따로 확인해야 함","문제해결형 추천","구매 전 확인할 조건을 정리하는 체크리스트형","원룸, 거실, 사무실처럼 공간 크기에 맞는 냉방 제품을 찾는 사람 기준으로 낫투 위니아 에어컨 전용 리모컨 고를 때 보기 쉬운 구매 전 체크","낫투 위니아 에어컨 전용 리모컨를 실제 생활 공간에서 사용하는 한국형 라이프스타일 장면. 원룸, 거실, 사무실, 작은 매장 배경, 자연광, 과한 광고 느낌 없는 현실적인 분위기.","제품 상세정보와 현재 가격은 아래 링크에서 바로 확인 가능","이 포스팅은 쿠팡 파트너스 활동의 일환으로, 이에 따른 일정액의 수수료를 제공받습니다.","로켓배송>가전디지털>계절가전","계절가전","189","2026-05-13 15:37:22","","",""
"신일 더톤 베이직 스탠드 선풍기, TN-C12TGK","신일 더톤 베이직 스탠드 선풍기 C12TGK","https://www.coupang.com/vp/products/8749871030?itemId=25436247100","https://www.coupang.com/vp/products/8749871030?itemId=25436247100","https://thumbnail.coupangcdn.com/thumbnails/remote/230x230ex/image/retail/images/362281072479727-45d42689-b4ef-4a60-ab02-137da757abed.jpg","8749871030","25436247100","계절가전","44,900원","55","로켓배송, 내일도착","5.0","337","135.22","medium","3만-7만원대","선풍기/서큘레이터","여름","자취생, 사무실 사용자, 더위를 많이 타는 사람","원룸, 책상, 거실","여름철 방 안 공기가 답답하고 열감이 잘 빠지지 않을 때","소음이나 바람 세기가 애매하면 틀어두고 쓰기 불편함","좁은 공간에서도 체감 시원함을 만들기 좋음","상황에 따라 이동하거나 방향 조절하기 편함","전기요금 부담을 비교적 덜 느끼기 쉬움","냉방기기 대체재라기보다 보조용으로 보는 편이 맞음","문제해결형 추천","구매 전 확인할 조건을 정리하는 체크리스트형","자취생, 사무실 사용자, 더위를 많이 타는 사람 기준으로 신일 더톤 베이직 스탠드 선풍기 C12TGK 고를 때 보기 쉬운 구매 전 체크","신일 더톤 베이직 스탠드 선풍기 C12TGK를 실제 생활 공간에서 사용하는 한국형 라이프스타일 장면. 원룸, 책상, 거실 배경, 자연광, 과한 광고 느낌 없는 현실적인 분위기.","제품 상세정보와 현재 가격은 아래 링크에서 바로 확인 가능","이 포스팅은 쿠팡 파트너스 활동의 일환으로, 이에 따른 일정액의 수수료를 제공받습니다.","로켓배송>가전디지털>계절가전","계절가전","104","2026-05-13 15:36:53","","",""
"신일 벽걸이용 리모컨 선풍기, SIF-D16EL","신일 벽걸이용 리모컨 선풍기 D16EL","https://www.coupang.com/vp/products/8059121300?itemId=22632948120","https://www.coupang.com/vp/products/8059121300?itemId=22632948120","https://thumbnail.coupangcdn.com/thumbnails/remote/230x230ex/image/retail/images/2024/04/26/10/7/66dbbb56-34f5-43ab-be3f-d7afc916c0e5.jpg","8059121300","22632948120","계절가전","64,900원","71","로켓배송, 내일도착","4.5","337","125.22","medium","3만-7만원대","선풍기/서큘레이터","여름","자취생, 사무실 사용자, 더위를 많이 타는 사람","원룸, 책상, 거실","여름철 방 안 공기가 답답하고 열감이 잘 빠지지 않을 때","소음이나 바람 세기가 애매하면 틀어두고 쓰기 불편함","좁은 공간에서도 체감 시원함을 만들기 좋음","상황에 따라 이동하거나 방향 조절하기 편함","전기요금 부담을 비교적 덜 느끼기 쉬움","냉방기기 대체재라기보다 보조용으로 보는 편이 맞음","문제해결형 추천","구매 전 확인할 조건을 정리하는 체크리스트형","자취생, 사무실 사용자, 더위를 많이 타는 사람 기준으로 신일 벽걸이용 리모컨 선풍기 D16EL 고를 때 보기 쉬운 구매 전 체크","신일 벽걸이용 리모컨 선풍기 D16EL를 실제 생활 공간에서 사용하는 한국형 라이프스타일 장면. 원룸, 책상, 거실 배경, 자연광, 과한 광고 느낌 없는 현실적인 분위기.","제품 상세정보와 현재 가격은 아래 링크에서 바로 확인 가능","이 포스팅은 쿠팡 파트너스 활동의 일환으로, 이에 따른 일정액의 수수료를 제공받습니다.","로켓배송>가전디지털>계절가전","계절가전","109","2026-05-13 15:36:54","","",""
"에어베리 웜히팅 가습기 룸미스트 복합식 살균 대용량 초음파 가열식 육아출산 가습기 6L, 스마트 룸미스트1개","에어베리 웜히팅 가습기 룸미스트 6L","https://www.coupang.com/vp/products/8463224967?itemId=24485123142","https://www.coupang.com/vp/products/8463224967?itemId=24485123142","https://thumbnail.coupangcdn.com/thumbnails/remote/230x230ex/image/vendor_inventory/4f3a/4dbc70fed0f7ce2dcf4615561aad613ca413db5da1209ab255ac468fbfbc.png","8463224967","24485123142","계절가전","79,000원","0","로켓판매자, 내일도착","5.0","313","133.78","medium","7만-15만원대","가습기","겨울, 환절기","원룸 거주자나 방에서 오래 있는 사람","침실, 책상, 원룸","원룸이나 방 안이 건조해서 아침마다 목이 칼칼할 때","소음이 크거나 세척이 번거로우면 오래 쓰기 힘듦","건조한 공간에서 체감 변화가 빠른 편","책상이나 침대 옆에 두기 쉬운 크기","가습량과 관리 편의성 균형을 보기 좋음","큰 공간에서는 가습량이 부족하게 느껴질 수 있음","문제해결형 추천","구매 전 확인할 조건을 정리하는 체크리스트형","원룸 거주자나 방에서 오래 있는 사람 기준으로 에어베리 웜히팅 가습기 룸미스트 6L 고를 때 보기 쉬운 구매 전 체크","에어베리 웜히팅 가습기 룸미스트 6L를 실제 생활 공간에서 사용하는 한국형 라이프스타일 장면. 침실, 책상, 원룸 배경, 자연광, 과한 광고 느낌 없는 현실적인 분위기.","제품 상세정보와 현재 가격은 아래 링크에서 바로 확인 가능","이 포스팅은 쿠팡 파트너스 활동의 일환으로, 이에 따른 일정액의 수수료를 제공받습니다.","로켓배송>가전디지털>계절가전","계절가전","173","2026-05-13 15:37:10","","",""
"툴콘 PTC 미니 팬히터, TP-500V, 혼합 색상","툴콘 PTC 미니 팬히터 500V","https://www.coupang.com/vp/products/53674858?itemId=188158243","https://www.coupang.com/vp/products/53674858?itemId=188158243","https://thumbnail.coupangcdn.com/thumbnails/remote/230x230ex/image/vendor_inventory/image_audit/prod/fc1bd4c2-05fb-40ac-814a-5582e45b774a_fixing_v2.png","53674858","188158243","계절가전","20,150원","59","로켓판매자, 내일도착","4.5","308","131.48","medium","1만-3만원대","난방가전","겨울, 환절기","겨울철 난방비가 부담되는 자취생, 침실 사용자, 사무실 사용자","침실, 책상 아래, 원룸, 사무실","방 전체 난방보다 필요한 공간만 따뜻하게 쓰고 싶을 때","전기요금, 안전장치, 크기, 보관성을 같이 보지 않으면 만족도가 낮아질 수 있음","공간별 보조 난방으로 접근하기 쉬움","가격대와 사용 시간이 구매 판단에 직접 연결됨","안전장치와 온도 조절 여부를 비교하기 좋음","장시간 사용 시 안전장치, 소비전력, KC 인증 여부를 확인해야 함","문제해결형 추천","구매 전 확인할 조건을 정리하는 체크리스트형","겨울철 난방비가 부담되는 자취생, 침실 사용자, 사무실 사용자 기준으로 툴콘 PTC 미니 팬히터 500V 고를 때 보기 쉬운 구매 전 체크","툴콘 PTC 미니 팬히터 500V를 실제 생활 공간에서 사용하는 한국형 라이프스타일 장면. 침실, 책상 아래, 원룸, 사무실 배경, 자연광, 과한 광고 느낌 없는 현실적인 분위기.","제품 상세정보와 현재 가격은 아래 링크에서 바로 확인 가능","이 포스팅은 쿠팡 파트너스 활동의 일환으로, 이에 따른 일정액의 수수료를 제공받습니다.","로켓배송>가전디지털>계절가전","계절가전","192","2026-05-13 15:37:22","","",""
"미오닉 5200mAh 휴대용 급속 냉각 손선풍기 100단 접이식 쿨링 선풍기, ST30(실버그레이)","미오닉 5200mAh 휴대용 급속 손선풍기 선풍기 ST30","https://www.coupang.com/vp/products/8130860052?itemId=23090244388","https://www.coupang.com/vp/products/8130860052?itemId=23090244388","https://thumbnail.coupangcdn.com/thumbnails/remote/230x230ex/image/vendor_inventory/1522/a6c8d726df6caf4c6a1fe4a5034002274dcc48f94b5c8c134083ed608fb5.jpg","8130860052","23090244388","계절가전","27,900원","24","로켓판매자, 내일도착","5.0","292","140.52","medium","1만-3만원대","선풍기/서큘레이터","여름","자취생, 사무실 사용자, 더위를 많이 타는 사람","원룸, 책상, 거실","여름철 방 안 공기가 답답하고 열감이 잘 빠지지 않을 때","소음이나 바람 세기가 애매하면 틀어두고 쓰기 불편함","좁은 공간에서도 체감 시원함을 만들기 좋음","상황에 따라 이동하거나 방향 조절하기 편함","전기요금 부담을 비교적 덜 느끼기 쉬움","냉방기기 대체재라기보다 보조용으로 보는 편이 맞음","문제해결형 추천","구매 전 확인할 조건을 정리하는 체크리스트형","자취생, 사무실 사용자, 더위를 많이 타는 사람 기준으로 미오닉 5200mAh 휴대용 급속 손선풍기 선풍기 ST30 고를 때 보기 쉬운 구매 전 체크","미오닉 5200mAh 휴대용 급속 손선풍기 선풍기 ST30를 실제 생활 공간에서 사용하는 한국형 라이프스타일 장면. 원룸, 책상, 거실 배경, 자연광, 과한 광고 느낌 없는 현실적인 분위기.","제품 상세정보와 현재 가격은 아래 링크에서 바로 확인 가능","이 포스팅은 쿠팡 파트너스 활동의 일환으로, 이에 따른 일정액의 수수료를 제공받습니다.","로켓배송>가전디지털>계절가전","계절가전","124","2026-05-13 15:36:55","","",""
