상품명,키워드,쇼핑커넥트링크,상품원본URL,상품ID,카테고리,가격대,평점,리뷰개수,상품군,계절태그,대상독자,사용장소,문제상황,불편포인트,장점1,장점2,장점3,주의점,검색의도,글관점,제목시드,썸네일프롬프트,CTA문구,광고고지문,수집경로,수집키워드,수집순위,수집일시,used,used_at,post_title,확인상태
"애플 아이폰 17 자급제 256GB, 화이트",아이폰 17 자급제 256GB 구매 전 체크,https://naver.me/5jXmccWE,https://smartstore.naver.com/main/products/12379874462,12379874462,디지털/가전,확인필요,,,스마트폰,상시,자급제 아이폰을 통신요금과 사용 패턴 기준으로 비교하려는 사람,집 사무실 이동 중,"아이폰 자급제를 고를 때 용량과 색상, 통신사 약정 차이가 헷갈리는 상황",가격만 보고 고르면 저장공간이나 개통 방식이 생활 패턴과 맞지 않을 수 있음,256GB 용량 기준으로 확인 가능,화이트 색상 선택 가능,자급제 구매 조건 확인 가능,"색상 재고, 가격, 혜택, 배송 조건은 상세페이지에서 확인 필요",구매 전 용량 색상 자급제 조건을 확인하려는 의도,용량과 개통 방식을 먼저 확인하는 구매 체크형,아이폰 17 자급제 256GB 구매 전 확인할 기준,화이트 아이폰을 책상 위에서 살펴보는 한국형 실내 생활 장면,"현재 색상, 구성, 혜택은 상세페이지에서 확인하는 흐름",이 포스팅은 네이버 쇼핑커넥트 활동의 일환으로 이에 따른 일정액의 수수료를 제공받습니다.,사용자제공URL,네이버쇼핑커넥트,1,2026-05-11,,,,확인완료_사용자제공
애플 에어팟 프로 3 블루투스 무선 이어폰,에어팟 프로 3 구매 전 체크,https://naver.me/5xgLr4us,https://smartstore.naver.com/main/products/12381514295,12381514295,디지털/가전,확인필요,,,무선이어폰,상시,무선 이어폰을 오래 쓸 기준으로 비교하려는 사람,출퇴근 사무실 집,이어폰을 바꿀 때 착용감과 노이즈캔슬링 기준이 헷갈리는 상황,가격만 보고 고르면 착용감이나 사용 시간이 맞지 않을 수 있음,블루투스 무선 사용 가능,노이즈캔슬링 사용 환경 확인 가능,공식 스토어 구성 확인 가능,"색상, 구성, 가격, 혜택은 상세페이지에서 확인 필요",구매 전 모델 구성 착용 환경을 확인하려는 의도,이어폰 사용 환경을 먼저 확인하는 구매 체크형,에어팟 프로 3 구매 전 확인할 기준,무선 이어폰을 실내와 이동 중에 살펴보는 한국형 생활 장면,현재 구성과 혜택은 상세페이지에서 확인하는 흐름,이 포스팅은 네이버 쇼핑커넥트 활동의 일환으로 이에 따른 일정액의 수수료를 제공받습니다.,사용자제공URL,네이버쇼핑커넥트,2,2026-05-11,,,,확인완료_사용자제공
"애플 아이폰 17 자급제 256GB, 블랙",아이폰 17 자급제 256GB 블랙 구매 전 체크,https://naver.me/xXnEiJgQ,https://smartstore.naver.com/main/products/12379874461,12379874461,디지털/가전,확인필요,,,스마트폰,상시,자급제 아이폰을 색상과 저장공간 기준으로 비교하려는 사람,집 사무실 이동 중,아이폰 자급제를 고를 때 블랙 색상과 256GB 용량이 내 사용량에 맞는지 고민되는 상황,저장공간과 색상만 보고 고르면 실제 사용량이나 개통 방식과 맞지 않을 수 있음,256GB 용량 기준으로 확인 가능,블랙 색상 선택 가능,자급제 구매 조건 확인 가능,"색상 재고, 가격, 혜택, 배송 조건은 상세페이지에서 확인 필요",구매 전 용량 색상 자급제 조건을 확인하려는 의도,색상과 용량을 먼저 확인하는 구매 체크형,아이폰 17 자급제 블랙 구매 전 확인할 기준,블랙 아이폰을 책상 위에서 살펴보는 한국형 실내 생활 장면,"현재 색상, 구성, 혜택은 상세페이지에서 확인하는 흐름",이 포스팅은 네이버 쇼핑커넥트 활동의 일환으로 이에 따른 일정액의 수수료를 제공받습니다.,사용자제공URL,네이버쇼핑커넥트,3,2026-05-11,,,,확인완료_사용자제공
"애플 아이폰 17 자급제 512GB, 화이트",아이폰 17 자급제 512GB 구매 전 체크,https://naver.me/FEgNAkLN,https://smartstore.naver.com/main/products/12379874467,12379874467,디지털/가전,확인필요,,,스마트폰,상시,사진과 영상 저장공간을 넉넉히 보고 아이폰을 고르려는 사람,집 사무실 여행 이동 중,아이폰을 고를 때 512GB가 필요한지 256GB로 충분한지 헷갈리는 상황,용량을 과하게 고르거나 부족하게 고르면 가격과 사용 편의가 달라질 수 있음,512GB 용량 기준으로 확인 가능,화이트 색상 선택 가능,자급제 구매 조건 확인 가능,"색상 재고, 가격, 혜택, 배송 조건은 상세페이지에서 확인 필요",구매 전 저장공간 색상 자급제 조건을 확인하려는 의도,저장공간과 사용량을 먼저 확인하는 구매 체크형,아이폰 17 512GB 구매 전 확인할 저장공간 기준,화이트 아이폰과 충전 케이블을 책상 위에서 살펴보는 한국형 생활 장면,"현재 색상, 구성, 혜택은 상세페이지에서 확인하는 흐름",이 포스팅은 네이버 쇼핑커넥트 활동의 일환으로 이에 따른 일정액의 수수료를 제공받습니다.,사용자제공URL,네이버쇼핑커넥트,4,2026-05-11,,,,확인완료_사용자제공
"애플 아이폰 17 자급제 256GB, 세이지",아이폰 17 자급제 256GB 세이지 구매 전 체크,https://naver.me/FqIiAO1p,https://smartstore.naver.com/main/products/12379874465,12379874465,디지털/가전,확인필요,,,스마트폰,상시,자급제 아이폰을 색상과 저장공간 기준으로 비교하려는 사람,집 사무실 이동 중,아이폰 자급제를 고를 때 세이지 색상과 256GB 용량이 내 사용량에 맞는지 고민되는 상황,색상 선호만 보고 고르면 저장공간이나 개통 조건을 놓칠 수 있음,256GB 용량 기준으로 확인 가능,세이지 색상 선택 가능,자급제 구매 조건 확인 가능,"색상 재고, 가격, 혜택, 배송 조건은 상세페이지에서 확인 필요",구매 전 용량 색상 자급제 조건을 확인하려는 의도,색상과 저장공간을 먼저 확인하는 구매 체크형,아이폰 17 세이지 구매 전 확인할 기준,세이지 색상의 아이폰을 실내에서 살펴보는 한국형 생활 장면,"현재 색상, 구성, 혜택은 상세페이지에서 확인하는 흐름",이 포스팅은 네이버 쇼핑커넥트 활동의 일환으로 이에 따른 일정액의 수수료를 제공받습니다.,사용자제공URL,네이버쇼핑커넥트,5,2026-05-11,,,,확인완료_사용자제공
"애플워치 SE 3 GPS 스타라이트, 40mm, 스타라이트 스포츠밴드 (S/M)",애플워치 SE 3 GPS 40mm 구매 전 체크,https://naver.me/xbK718ET,https://smartstore.naver.com/main/products/12381512386,12381512386,디지털/가전,확인필요,,,스마트워치,상시,애플워치를 운동과 알림 관리 기준으로 비교하려는 사람,출퇴근 운동 집 사무실,애플워치를 고를 때 GPS 모델과 40mm 크기가 손목과 생활 패턴에 맞는지 헷갈리는 상황,크기와 밴드만 보고 고르면 착용감이나 사용 목적과 다를 수 있음,GPS 모델 기준으로 확인 가능,40mm 사이즈 선택 가능,스타라이트 스포츠밴드 구성 확인 가능,"밴드 사이즈, 색상, 가격, 배송 조건은 상세페이지에서 확인 필요",구매 전 크기 색상 GPS 밴드 구성을 확인하려는 의도,착용 환경과 크기를 먼저 확인하는 구매 체크형,애플워치 SE 3 40mm 구매 전 확인할 기준,스타라이트 애플워치를 손목에 착용해보는 한국형 생활 장면,"현재 색상, 밴드 구성, 혜택은 상세페이지에서 확인하는 흐름",이 포스팅은 네이버 쇼핑커넥트 활동의 일환으로 이에 따른 일정액의 수수료를 제공받습니다.,사용자제공URL,네이버쇼핑커넥트,6,2026-05-11,,,,확인완료_사용자제공
애플 에어팟 4 액티브 노이즈 캔슬링 무선 이어폰,에어팟 4 노이즈 캔슬링 구매 전 체크,https://naver.me/IID1LQXT,https://smartstore.naver.com/main/products/11750381445,11750381445,디지털/가전,확인필요,,,무선이어폰,상시,출퇴근과 사무실에서 쓸 무선 이어폰을 비교하려는 사람,출퇴근 사무실 집 카페,에어팟 4를 볼 때 액티브 노이즈 캔슬링 모델이 필요한지 헷갈리는 상황,노이즈캔슬링 필요성을 확인하지 않으면 일반 모델과 차이를 체감하기 어려울 수 있음,액티브 노이즈 캔슬링 모델 기준으로 확인 가능,무선 블루투스 사용 가능,공식 스토어 구성 확인 가능,"모델 구성, 가격, 혜택, 배송 조건은 상세페이지에서 확인 필요",구매 전 노이즈캔슬링 필요성과 착용 환경을 확인하려는 의도,소음 환경과 사용 목적을 먼저 확인하는 구매 체크형,에어팟 4 노이즈 캔슬링 구매 전 확인할 기준,무선 이어폰을 출퇴근 가방 옆에서 살펴보는 한국형 생활 장면,현재 모델 구성과 혜택은 상세페이지에서 확인하는 흐름,이 포스팅은 네이버 쇼핑커넥트 활동의 일환으로 이에 따른 일정액의 수수료를 제공받습니다.,사용자제공URL,네이버쇼핑커넥트,7,2026-05-11,,,,확인완료_사용자제공
"애플 아이패드 11세대 A16 WiFi 실버, 128GB, WiFi전용",아이패드 11세대 A16 128GB 구매 전 체크,https://naver.me/xHEDGs4g,https://smartstore.naver.com/main/products/11750344616,11750344616,디지털/가전,확인필요,,,태블릿,상시,공부 영상 문서 작업용 아이패드를 비교하려는 사람,집 학교 사무실 카페,아이패드를 고를 때 128GB와 WiFi 전용 모델이 생활 패턴에 맞는지 헷갈리는 상황,용량과 연결 방식을 확인하지 않으면 외부 사용이나 저장공간에서 불편할 수 있음,A16 모델 기준으로 확인 가능,128GB 저장공간 확인 가능,WiFi 전용 모델 확인 가능,"색상, 용량, 연결 방식, 가격은 상세페이지에서 확인 필요",구매 전 용량 연결 방식 사용 목적을 확인하려는 의도,용량과 사용 장소를 먼저 확인하는 구매 체크형,아이패드 11세대 128GB 구매 전 확인할 기준,실버 아이패드를 책상 위에서 필기와 영상 시청 용도로 살펴보는 한국형 생활 장면,"현재 색상, 용량, 구성은 상세페이지에서 확인하는 흐름",이 포스팅은 네이버 쇼핑커넥트 활동의 일환으로 이에 따른 일정액의 수수료를 제공받습니다.,사용자제공URL,네이버쇼핑커넥트,8,2026-05-11,,,,확인완료_사용자제공
Apple Pencil 애플펜슬 프로,애플펜슬 프로 구매 전 체크,https://naver.me/GtY1KDV2,https://smartstore.naver.com/main/products/11750347085,11750347085,디지털/가전,확인필요,,,태블릿액세서리,상시,아이패드 필기와 드로잉 용도로 펜슬을 비교하려는 사람,집 학교 사무실 카페,아이패드용 펜슬을 고를 때 호환성과 사용 목적이 헷갈리는 상황,호환 모델을 확인하지 않으면 제대로 쓰기 어려울 수 있음,필기와 드로잉 작업에 맞는지 판단 가능,호환 모델 확인 가능,공식 스토어 구성 확인 가능,호환 기기와 구성은 상세페이지에서 확인 필요,구매 전 호환 모델 필기 용도 구성을 확인하려는 의도,호환성과 사용 목적을 먼저 보는 구매 체크형,애플펜슬 프로 구매 전 확인할 호환 기준,아이패드와 애플펜슬을 책상 위에서 살펴보는 한국형 생활 장면,현재 구성과 호환 정보는 상세페이지에서 확인하는 흐름,이 포스팅은 네이버 쇼핑커넥트 활동의 일환으로 이에 따른 일정액의 수수료를 제공받습니다.,사용자제공URL,네이버쇼핑커넥트,9,2026-05-11,,,,확인완료_사용자제공
애플 에어팟 4 블루투스 무선 이어폰,에어팟 4 블루투스 무선 이어폰 구매 전 체크,https://naver.me/50BewHAJ,https://smartstore.naver.com/main/products/10940871720,10940871720,디지털/가전,확인필요,,,무선이어폰,상시,가볍게 쓸 무선 이어폰을 비교하려는 사람,출퇴근 사무실 집 카페,에어팟 4를 볼 때 일반 모델과 노이즈캔슬링 모델 차이가 헷갈리는 상황,사용 환경을 확인하지 않으면 필요한 기능보다 과하거나 부족하게 고를 수 있음,블루투스 무선 사용 가능,일상용 이어폰 기준으로 확인 가능,공식 스토어 구성 확인 가능,"모델 구성, 가격, 혜택, 배송 조건은 상세페이지에서 확인 필요",구매 전 일반 모델과 사용 환경을 확인하려는 의도,사용 환경과 기능 차이를 먼저 확인하는 구매 체크형,에어팟 4 기본형 구매 전 확인할 기준,무선 이어폰을 책상 위와 가방 옆에서 살펴보는 한국형 생활 장면,현재 모델 구성과 혜택은 상세페이지에서 확인하는 흐름,이 포스팅은 네이버 쇼핑커넥트 활동의 일환으로 이에 따른 일정액의 수수료를 제공받습니다.,사용자제공URL,네이버쇼핑커넥트,10,2026-05-11,,,,확인완료_사용자제공
Apple 매직 키보드 - 아이패드 프로 13(M5/M4 모델)용 화이트 MWR43KH/A,아이패드 프로 13 매직 키보드 구매 전 체크,https://naver.me/F6QbDjAc,https://smartstore.naver.com/main/products/11750303032,11750303032,디지털/가전,확인필요,,,태블릿액세서리,상시,아이패드 프로를 문서 작업과 노트북 대체용으로 쓰려는 사람,집 사무실 카페 학교,아이패드용 키보드를 고를 때 13형 호환성과 모델 세대가 헷갈리는 상황,호환 모델을 확인하지 않으면 장착이나 사용이 맞지 않을 수 있음,아이패드 프로 13형용 기준으로 확인 가능,화이트 색상 선택 가능,M5/M4 모델 호환 기준 확인 가능,"호환 모델, 색상, 가격, 배송 조건은 상세페이지에서 확인 필요",구매 전 호환 모델 색상 사용 목적을 확인하려는 의도,호환성과 작업 환경을 먼저 보는 구매 체크형,아이패드 프로 13 매직 키보드 구매 전 확인할 기준,아이패드와 화이트 매직 키보드를 책상 위에서 문서 작업용으로 살펴보는 한국형 생활 장면,현재 호환 모델과 구성은 상세페이지에서 확인하는 흐름,이 포스팅은 네이버 쇼핑커넥트 활동의 일환으로 이에 따른 일정액의 수수료를 제공받습니다.,사용자제공URL,네이버쇼핑커넥트,11,2026-05-11,,,,확인완료_사용자제공
[티슬릭스] 테슬라 모델 Y 주니퍼 오토 전동 선쉐이드 음성인식 싱글버튼,테슬라 모델 Y 주니퍼 선쉐이드 구매 전 체크,https://naver.me/FgESQMMY,https://smartstore.naver.com/main/products/13131974775,13131974775,자동차용품,확인필요,,,차량용품,상시,테슬라 모델 Y 주니퍼 실내 햇빛과 프라이버시를 고민하는 사람,차량 실내 주차장 장거리 운전,모델 Y 주니퍼에 선쉐이드를 달 때 호환성과 조작 방식이 헷갈리는 상황,차종 호환을 확인하지 않으면 장착이나 사용 편의가 맞지 않을 수 있음,전동 선쉐이드 구성 확인 가능,음성인식과 싱글버튼 조작 기준 확인 가능,차량 실내 사용 환경에 맞춰 판단 가능,"차종 호환, 설치 방식, 작동 조건은 상세페이지에서 확인 필요",구매 전 차종 호환 설치 방식 조작 편의성을 확인하려는 의도,차량 호환과 조작 방식을 먼저 확인하는 구매 체크형,모델 Y 주니퍼 선쉐이드 구매 전 확인할 기준,테슬라 모델 Y 실내에서 선쉐이드를 확인하는 한국형 차량 생활 장면,현재 호환 차종과 설치 조건은 상세페이지에서 확인하는 흐름,이 포스팅은 네이버 쇼핑커넥트 활동의 일환으로 이에 따른 일정액의 수수료를 제공받습니다.,사용자제공URL,네이버쇼핑커넥트,12,2026-05-11,,,,확인완료_사용자제공
아쿠쉬네트코리아 풋조이 카브레타소프 남성 프리미엄 양피 골프장갑,풋조이 남성 골프장갑 구매 전 체크,https://naver.me/FQuRkP5G,https://smartstore.naver.com/main/products/5461059649,5461059649,스포츠/레저,확인필요,,,골프용품,상시,골프장갑을 착용감과 그립감 기준으로 고르려는 사람,골프장 연습장 실내연습장,"골프장갑을 고를 때 사이즈와 소재, 착용감 기준이 헷갈리는 상황",사이즈를 대충 고르면 그립감이나 내구성에서 불편할 수 있음,양피 소재 기준으로 확인 가능,남성용 사이즈 선택 가능,그립감과 착용감 기준으로 비교 가능,"사이즈, 소재, 색상, 관리 방법은 상세페이지에서 확인 필요",구매 전 사이즈 소재 착용감을 확인하려는 의도,사이즈와 착용감을 먼저 보는 구매 체크형,풋조이 골프장갑 구매 전 확인할 사이즈 기준,골프장갑을 클럽 옆에서 착용해보는 한국형 골프 생활 장면,현재 사이즈와 구성은 상세페이지에서 확인하는 흐름,이 포스팅은 네이버 쇼핑커넥트 활동의 일환으로 이에 따른 일정액의 수수료를 제공받습니다.,사용자제공URL,네이버쇼핑커넥트,13,2026-05-11,,,,확인완료_사용자제공
애플 이어팟 유선 이어폰 화이트 (USB-C 커넥터),애플 이어팟 USB-C 구매 전 체크,https://naver.me/xNpmwWpQ,https://smartstore.naver.com/main/products/11750347839,11750347839,디지털/가전,확인필요,,,유선이어폰,상시,충전 걱정 없는 유선 이어폰을 찾는 사람,집 사무실 이동 중 온라인수업,유선 이어폰을 고를 때 USB-C 커넥터와 기기 호환이 헷갈리는 상황,커넥터를 확인하지 않으면 사용하는 기기와 맞지 않을 수 있음,USB-C 커넥터 기준으로 확인 가능,유선 연결 방식 확인 가능,화이트 색상 구성 확인 가능,"호환 기기, 커넥터, 구성은 상세페이지에서 확인 필요",구매 전 커넥터 호환 기기 사용 환경을 확인하려는 의도,커넥터와 호환성을 먼저 확인하는 구매 체크형,애플 이어팟 USB-C 구매 전 확인할 호환 기준,USB-C 유선 이어폰을 노트북과 스마트폰 옆에서 살펴보는 한국형 생활 장면,현재 커넥터와 호환 정보는 상세페이지에서 확인하는 흐름,이 포스팅은 네이버 쇼핑커넥트 활동의 일환으로 이에 따른 일정액의 수수료를 제공받습니다.,사용자제공URL,네이버쇼핑커넥트,14,2026-05-11,,,,확인완료_사용자제공
LG 디오스 오브제컬렉션 열풍건조 식기세척기 + LG 디오스 인덕션 주방패키지,LG 디오스 식기세척기 인덕션 패키지 구매 전 체크,https://naver.me/IDkovMDI,https://smartstore.naver.com/main/products/12731732309,12731732309,생활가전,확인필요,,,주방가전,상시,주방 리모델링이나 가전 교체를 함께 고민하는 사람,주방 신혼집 가족집,식기세척기와 인덕션을 패키지로 볼 때 설치 공간과 전기 조건이 헷갈리는 상황,설치 조건을 확인하지 않으면 배송 후 설치가 어려울 수 있음,식기세척기와 인덕션 패키지 구성 확인 가능,열풍건조 기능 기준 확인 가능,주방 공간에 맞춰 비교 가능,"설치 공간, 전기 조건, 구성, 배송 설치비는 상세페이지에서 확인 필요",구매 전 설치 공간 전기 조건 패키지 구성을 확인하려는 의도,설치 조건과 주방 동선을 먼저 보는 구매 체크형,LG 주방가전 패키지 구매 전 확인할 설치 기준,깔끔한 주방에서 식기세척기와 인덕션 설치 공간을 확인하는 한국형 생활 장면,현재 구성과 설치 조건은 상세페이지에서 확인하는 흐름,이 포스팅은 네이버 쇼핑커넥트 활동의 일환으로 이에 따른 일정액의 수수료를 제공받습니다.,사용자제공URL,네이버쇼핑커넥트,15,2026-05-11,,,,확인완료_사용자제공
최다판매 스테디셀러 JMW M5001A PLUS PRO 고성능 터보 항공모터 헤어 드라이기,JMW M5001A PLUS PRO 드라이기 구매 전 체크,https://naver.me/xAfVvmXE,https://smartstore.naver.com/main/products/9738399367,9738399367,생활가전,확인필요,,,헤어드라이어,상시,머리 말리는 시간을 줄이고 드라이기 성능을 비교하려는 사람,욕실 화장대 자취방 가족집,"드라이기를 고를 때 바람 세기와 무게, 소음 기준이 헷갈리는 상황",성능만 보고 고르면 손목 부담이나 보관 위치가 맞지 않을 수 있음,터보 항공모터 기준으로 확인 가능,고성능 바람 기준 확인 가능,일상 헤어 건조용으로 비교 가능,"무게, 소음, 소비전력, 구성은 상세페이지에서 확인 필요",구매 전 바람 세기 무게 소음 보관성을 확인하려는 의도,바람 세기와 사용 피로도를 먼저 보는 구매 체크형,JMW 드라이기 구매 전 확인할 바람세기 기준,화장대 앞에서 헤어 드라이기를 사용하는 한국형 생활 장면,현재 성능과 구성은 상세페이지에서 확인하는 흐름,이 포스팅은 네이버 쇼핑커넥트 활동의 일환으로 이에 따른 일정액의 수수료를 제공받습니다.,사용자제공URL,네이버쇼핑커넥트,16,2026-05-11,,,,확인완료_사용자제공
보만 살균 25초 퀵 터보 핸디형 스팀다리미 2in1 브러쉬 포함 그레이,보만 핸디형 스팀다리미 구매 전 체크,https://naver.me/x2YhpiZJ,https://smartstore.naver.com/main/products/4598469671,4598469671,생활가전,확인필요,,,스팀다리미,상시,외출 전 옷 주름을 빠르게 정리하려는 사람,자취방 옷방 세탁실 출장 가방,"핸디형 스팀다리미를 고를 때 예열 시간과 물통, 보관성이 헷갈리는 상황",작동 방식만 보고 고르면 물통 관리나 옷감 호환에서 불편할 수 있음,25초 퀵 예열 기준 확인 가능,핸디형 보관성 확인 가능,2in1 브러쉬 구성 확인 가능,"옷감 호환, 물통 용량, 사용 시간, 구성은 상세페이지에서 확인 필요",구매 전 예열 시간 물통 보관성 옷감 호환을 확인하려는 의도,예열과 보관 편의성을 먼저 보는 구매 체크형,핸디형 스팀다리미 구매 전 확인할 기준,옷걸이에 걸린 셔츠와 핸디형 스팀다리미를 살펴보는 한국형 생활 장면,현재 구성과 사용 조건은 상세페이지에서 확인하는 흐름,이 포스팅은 네이버 쇼핑커넥트 활동의 일환으로 이에 따른 일정액의 수수료를 제공받습니다.,사용자제공URL,네이버쇼핑커넥트,17,2026-05-11,,,,확인완료_사용자제공
스테디셀러 JMW 에어젯 울트라 PRO 고성능 터보 항공모터 헤어 드라이기,JMW 에어젯 울트라 PRO 드라이기 구매 전 체크,https://naver.me/FKGOocB0,https://smartstore.naver.com/main/products/10708820370,10708820370,생활가전,확인필요,,,헤어드라이어,상시,강한 바람과 사용 편의성을 같이 보는 드라이기 구매자,욕실 화장대 자취방 가족집,"고성능 드라이기를 고를 때 바람 세기와 소음, 무게 기준이 헷갈리는 상황",바람 세기만 보고 고르면 장시간 사용 피로나 보관성이 맞지 않을 수 있음,터보 항공모터 기준으로 확인 가능,에어젯 울트라 PRO 모델 확인 가능,일상 헤어 건조용으로 비교 가능,"무게, 소음, 소비전력, 구성은 상세페이지에서 확인 필요",구매 전 바람 세기 무게 소음 보관성을 확인하려는 의도,성능과 사용 피로도를 먼저 보는 구매 체크형,JMW 에어젯 드라이기 구매 전 확인할 기준,화장대 위에서 고성능 드라이기를 살펴보는 한국형 생활 장면,현재 성능과 구성은 상세페이지에서 확인하는 흐름,이 포스팅은 네이버 쇼핑커넥트 활동의 일환으로 이에 따른 일정액의 수수료를 제공받습니다.,사용자제공URL,네이버쇼핑커넥트,18,2026-05-11,,,,확인완료_사용자제공
유닉스 에어스피더 하이스피드 BLDC 드라이어 UN-A7610,유닉스 에어스피더 BLDC 드라이어 구매 전 체크,https://naver.me/5XcTsLXK,https://smartstore.naver.com/main/products/11433746821,11433746821,생활가전,확인필요,,,헤어드라이어,상시,가벼운 고속 드라이어를 비교하려는 사람,욕실 화장대 자취방 가족집,"BLDC 드라이어를 고를 때 바람 세기와 무게, 소음 기준이 헷갈리는 상황",모터 종류만 보고 고르면 실제 사용감이나 보관성이 다를 수 있음,BLDC 드라이어 기준 확인 가능,하이스피드 바람 기준 확인 가능,일상 헤어 건조용으로 비교 가능,"무게, 소음, 소비전력, 구성은 상세페이지에서 확인 필요",구매 전 모터 종류 바람 세기 무게 소음을 확인하려는 의도,모터와 사용 편의성을 먼저 보는 구매 체크형,유닉스 BLDC 드라이어 구매 전 확인할 기준,욕실 화장대 앞에서 드라이어를 사용하는 한국형 생활 장면,현재 성능과 구성은 상세페이지에서 확인하는 흐름,이 포스팅은 네이버 쇼핑커넥트 활동의 일환으로 이에 따른 일정액의 수수료를 제공받습니다.,사용자제공URL,네이버쇼핑커넥트,19,2026-05-11,,,,확인완료_사용자제공
베리네이처 유기농 단호박 45g 외 46종 야채큐브 채소 토핑 재료 죽 미음,베리네이처 야채큐브 구매 전 체크,https://naver.me/GKIxKv5w,,,출산/육아,확인필요,4.92,"132,203",이유식큐브,상시,이유식 재료를 간편하게 준비하려는 보호자,집 주방 이유식 준비 공간,"이유식 토핑 재료를 고를 때 종류와 보관, 입자 기준이 헷갈리는 상황",구성만 보고 고르면 아이 월령이나 조리 방식과 맞지 않을 수 있음,평점 4.92 기준으로 후기 흐름 확인 가능,"리뷰 132,203개 기준으로 사용자 반응 확인 가능",단호박 포함 야채큐브 구성 확인 가능,"월령, 원재료, 보관 방식, 배송 조건, 평점과 리뷰 수는 상세페이지에서 확인 필요",구매 전 원재료 보관 방식 월령별 사용 기준을 확인하려는 의도,이유식 재료와 보관 기준을 먼저 보는 구매 체크형,야채큐브 이유식 재료 구매 전 확인할 기준,주방에서 이유식 큐브와 아기 식기를 살펴보는 한국형 생활 장면,현재 구성과 원재료는 상세페이지에서 확인하는 흐름,이 포스팅은 네이버 쇼핑커넥트 활동의 일환으로 이에 따른 일정액의 수수료를 제공받습니다.,사용자제공URL,네이버쇼핑커넥트,20,2026-05-12,,,,확인완료_사용자제공
[슈퍼특가][당일출고] 스파오키즈 라이트 후드 윈드브레이커 SPJJG25KU2,스파오키즈 라이트 후드 윈드브레이커 구매 전 체크,https://naver.me/56XayDCG,,,유아동패션,확인필요,4.9,"1,182",키즈바람막이,봄여름가을,아이 외출용 얇은 아우터를 비교하려는 보호자,어린이집 등원길 공원 여행 외출,"키즈 바람막이를 고를 때 두께와 사이즈, 계절감 기준이 헷갈리는 상황",디자인만 보고 고르면 실제 활동성이나 체감 두께가 맞지 않을 수 있음,평점 4.9 기준으로 후기 흐름 확인 가능,"리뷰 1,182개 기준으로 사용자 반응 확인 가능",라이트 후드 윈드브레이커 구성 확인 가능,"사이즈, 색상, 소재, 배송 조건, 평점과 리뷰 수는 상세페이지에서 확인 필요",구매 전 사이즈 소재 계절감 활동성을 확인하려는 의도,등원과 외출 기준을 먼저 보는 구매 체크형,키즈 바람막이 구매 전 확인할 기준,아이 외출복과 가벼운 후드 점퍼를 살펴보는 한국형 생활 장면,현재 사이즈와 색상은 상세페이지에서 확인하는 흐름,이 포스팅은 네이버 쇼핑커넥트 활동의 일환으로 이에 따른 일정액의 수수료를 제공받습니다.,사용자제공URL,네이버쇼핑커넥트,21,2026-05-12,,,,확인완료_사용자제공
오우아스튜디오 사계절 신생아 스와들 업다운지퍼 조리원 밤부 메쉬 핑크토마토 S,오우아스튜디오 신생아 스와들 구매 전 체크,https://naver.me/FetpFCsH,,,출산/육아,확인필요,4.86,"5,780",신생아스와들,상시,신생아 수면복과 스와들을 비교하려는 보호자,조리원 아기방 침대 옆 수면 준비 공간,"신생아 스와들을 고를 때 소재와 지퍼 방식, 사이즈 기준이 헷갈리는 상황",디자인만 보고 고르면 계절감이나 입히고 벗기기 편의성이 맞지 않을 수 있음,평점 4.86 기준으로 후기 흐름 확인 가능,"리뷰 5,780개 기준으로 사용자 반응 확인 가능",밤부 메쉬와 업다운지퍼 구성 확인 가능,"사이즈, 소재, 세탁법, 사용 시기, 평점과 리뷰 수는 상세페이지에서 확인 필요",구매 전 소재 지퍼 방식 사이즈 세탁 기준을 확인하려는 의도,신생아 착용 편의성과 계절감을 먼저 보는 구매 체크형,신생아 스와들 구매 전 확인할 기준,아기방에서 스와들과 신생아 침구를 정리하는 한국형 생활 장면,현재 사이즈와 소재는 상세페이지에서 확인하는 흐름,이 포스팅은 네이버 쇼핑커넥트 활동의 일환으로 이에 따른 일정액의 수수료를 제공받습니다.,사용자제공URL,네이버쇼핑커넥트,22,2026-05-12,true,2026-05-12 14:52:16,오우아스튜디오 신생아 스와들 구매 전 체크 소재 지퍼 기준,확인완료_사용자제공
꿈비 분유쉐이커 휴대용 분유 제조기 믹서기,꿈비 분유쉐이커 구매 전 체크,https://naver.me/5DZjB3Jj,,,출산/육아,확인필요,4.84,"5,148",분유쉐이커,상시,분유 준비 시간을 줄이고 싶은 보호자,주방 수유 공간 외출 가방,"분유쉐이커를 고를 때 휴대성, 세척, 충전 방식 기준이 헷갈리는 상황","편리함만 보고 고르면 세척이나 소음, 휴대 보관이 맞지 않을 수 있음",평점 4.84 기준으로 후기 흐름 확인 가능,"리뷰 5,148개 기준으로 사용자 반응 확인 가능",휴대용 분유 제조기 구성 확인 가능,"세척 방식, 충전 방식, 소음, 사용 가능 용기, 평점과 리뷰 수는 상세페이지에서 확인 필요",구매 전 세척 휴대성 충전 방식 사용 환경을 확인하려는 의도,수유 준비 동선과 관리 편의성을 먼저 보는 구매 체크형,분유쉐이커 구매 전 확인할 기준,주방 수유 공간에서 분유 용품을 정리하는 한국형 생활 장면,현재 구성과 사용 조건은 상세페이지에서 확인하는 흐름,이 포스팅은 네이버 쇼핑커넥트 활동의 일환으로 이에 따른 일정액의 수수료를 제공받습니다.,사용자제공URL,네이버쇼핑커넥트,23,2026-05-12,,,,확인완료_사용자제공
리틀타익스 아기체육관 액티비티가든 국민문짝대문 4개월 200일 돌아기애기장난감,리틀타익스 액티비티가든 구매 전 체크,https://naver.me/x6JAGUF6,,,완구/교구,확인필요,4.82,"2,702",아기체육관,상시,아기 발달 장난감과 놀이공간을 비교하려는 보호자,거실 놀이매트 아기방,"아기체육관을 고를 때 사용 시기와 크기, 보관 기준이 헷갈리는 상황",인기만 보고 고르면 집 공간이나 아이 발달 단계와 맞지 않을 수 있음,평점 4.82 기준으로 후기 흐름 확인 가능,"리뷰 2,702개 기준으로 사용자 반응 확인 가능",액티비티가든 놀이 구성 확인 가능,"권장 월령, 크기, 조립, 보관, 평점과 리뷰 수는 상세페이지에서 확인 필요",구매 전 월령 크기 놀이 구성 보관성을 확인하려는 의도,놀이공간과 발달 단계 기준을 먼저 보는 구매 체크형,아기체육관 구매 전 확인할 기준,거실 놀이매트 위에 아기 장난감을 정리하는 한국형 생활 장면,현재 구성과 크기는 상세페이지에서 확인하는 흐름,이 포스팅은 네이버 쇼핑커넥트 활동의 일환으로 이에 따른 일정액의 수수료를 제공받습니다.,사용자제공URL,네이버쇼핑커넥트,24,2026-05-12,,,,확인완료_사용자제공
오가닉그라운드 유기농 선크림 논나노 무기자차 선크림 50ml SPF50+ PA++++,오가닉그라운드 유아 선크림 구매 전 체크,https://naver.me/FBMJIDAc,,,출산/육아,확인필요,4.76,"2,828",유아선크림,봄여름,아이 야외활동 전 선크림을 비교하려는 보호자,외출 가방 유모차 어린이집 등원길,"유아 선크림을 고를 때 자외선 차단 지수와 성분, 사용감 기준이 헷갈리는 상황",차단 지수만 보고 고르면 피부 타입이나 세정 편의성이 맞지 않을 수 있음,평점 4.76 기준으로 후기 흐름 확인 가능,"리뷰 2,828개 기준으로 사용자 반응 확인 가능",논나노 무기자차 SPF50+ PA++++ 구성 확인 가능,"사용 연령, 성분, 세정 방법, 피부 타입, 평점과 리뷰 수는 상세페이지에서 확인 필요",구매 전 성분 차단 지수 세정 편의성을 확인하려는 의도,야외활동 전 사용 조건을 먼저 보는 구매 체크형,유아 선크림 구매 전 확인할 기준,외출 전 유아 선크림과 모자를 준비하는 한국형 생활 장면,현재 성분과 사용 조건은 상세페이지에서 확인하는 흐름,이 포스팅은 네이버 쇼핑커넥트 활동의 일환으로 이에 따른 일정액의 수수료를 제공받습니다.,사용자제공URL,네이버쇼핑커넥트,25,2026-05-12,,,,확인완료_사용자제공
"미세플라스틱 안심 닥터노아 대나무 유아 아기칫솔 돌 6개입, 1개",닥터노아 대나무 유아 칫솔 구매 전 체크,https://naver.me/xfbkIkHJ,,,출산/육아,확인필요,4.89,"4,891",유아칫솔,상시,아이 칫솔을 교체 기준으로 비교하려는 보호자,욕실 세면대 양치 준비 공간,"유아 칫솔을 고를 때 칫솔모 부드러움과 손잡이, 교체 주기 기준이 헷갈리는 상황",개수만 보고 고르면 아이 연령이나 양치 습관과 맞지 않을 수 있음,평점 4.89 기준으로 후기 흐름 확인 가능,"리뷰 4,891개 기준으로 사용자 반응 확인 가능",대나무 유아 칫솔 6개입 구성 확인 가능,"권장 연령, 칫솔모, 손잡이, 교체 주기, 평점과 리뷰 수는 상세페이지에서 확인 필요",구매 전 연령 칫솔모 구성 교체 기준을 확인하려는 의도,양치 습관과 교체 편의성을 먼저 보는 구매 체크형,유아 칫솔 구매 전 확인할 기준,욕실 세면대에서 유아 칫솔을 정리하는 한국형 생활 장면,현재 구성과 권장 연령은 상세페이지에서 확인하는 흐름,이 포스팅은 네이버 쇼핑커넥트 활동의 일환으로 이에 따른 일정액의 수수료를 제공받습니다.,사용자제공URL,네이버쇼핑커넥트,26,2026-05-12,,,,확인완료_사용자제공
"자연방목 일동후디스 산양분유 시그니처 1단계 800g, 1개",일동후디스 산양분유 1단계 구매 전 체크,https://naver.me/5qLamadb,,,출산/육아,확인필요,4.88,"5,019",분유,상시,아기 분유 단계와 구성을 비교하려는 보호자,주방 수유 공간 분유 보관장,"분유를 고를 때 단계와 용량, 원재료 기준이 헷갈리는 상황",브랜드만 보고 고르면 아이 상황이나 수유 기준과 맞지 않을 수 있음,평점 4.88 기준으로 후기 흐름 확인 가능,"리뷰 5,019개 기준으로 사용자 반응 확인 가능",산양분유 1단계 800g 구성 확인 가능,"단계, 원재료, 수유 기준, 보관법, 평점과 리뷰 수는 상세페이지와 전문가 안내 확인 필요",구매 전 단계 용량 원재료 보관 기준을 확인하려는 의도,분유 단계와 보관 조건을 먼저 보는 구매 체크형,산양분유 1단계 구매 전 확인할 기준,주방 수유 공간에서 분유통과 젖병을 정리하는 한국형 생활 장면,현재 단계와 원재료는 상세페이지에서 확인하는 흐름,이 포스팅은 네이버 쇼핑커넥트 활동의 일환으로 이에 따른 일정액의 수수료를 제공받습니다.,사용자제공URL,네이버쇼핑커넥트,27,2026-05-12,,,,확인완료_사용자제공
"트루맘 뉴클래스 슈퍼프리미엄 1단계 800g, 1개",트루맘 뉴클래스 1단계 분유 구매 전 체크,https://naver.me/GfrbqbHP,,,출산/육아,확인필요,4.91,"4,760",분유,상시,1단계 분유 구성과 기준을 비교하려는 보호자,주방 수유 공간 분유 보관장,"1단계 분유를 고를 때 용량과 원재료, 보관 기준이 헷갈리는 상황",가격이나 브랜드만 보고 고르면 아이 상황과 수유 기준이 맞지 않을 수 있음,평점 4.91 기준으로 후기 흐름 확인 가능,"리뷰 4,760개 기준으로 사용자 반응 확인 가능",뉴클래스 슈퍼프리미엄 1단계 구성 확인 가능,"단계, 원재료, 수유 기준, 보관법, 평점과 리뷰 수는 상세페이지와 전문가 안내 확인 필요",구매 전 단계 용량 원재료 수유 기준을 확인하려는 의도,분유 단계와 구성 조건을 먼저 보는 구매 체크형,트루맘 1단계 분유 구매 전 확인할 기준,수유 공간에서 분유통과 계량스푼을 정리하는 한국형 생활 장면,현재 단계와 구성은 상세페이지에서 확인하는 흐름,이 포스팅은 네이버 쇼핑커넥트 활동의 일환으로 이에 따른 일정액의 수수료를 제공받습니다.,사용자제공URL,네이버쇼핑커넥트,28,2026-05-12,,,,확인완료_사용자제공
마베비 휴대용 보틀워머 플러스 모유 젖병 액상분유 데우기 이유식 보온 중탕기,마베비 휴대용 보틀워머 구매 전 체크,https://naver.me/x6JAG7Tx,,,출산/육아,확인필요,4.89,"3,925",보틀워머,상시,외출과 밤수유용 보온 기기를 비교하려는 보호자,수유 공간 침실 외출 가방,"보틀워머를 고를 때 휴대성, 온도 조절, 호환 용기 기준이 헷갈리는 상황",휴대용이라는 점만 보고 고르면 젖병 호환이나 충전 방식이 맞지 않을 수 있음,평점 4.89 기준으로 후기 흐름 확인 가능,"리뷰 3,925개 기준으로 사용자 반응 확인 가능",모유 젖병 액상분유 데우기 용도 확인 가능,"호환 용기, 온도 설정, 충전 방식, 세척, 평점과 리뷰 수는 상세페이지에서 확인 필요",구매 전 휴대성 온도 조절 호환 용기 충전 방식을 확인하려는 의도,수유 동선과 외출 사용성을 먼저 보는 구매 체크형,휴대용 보틀워머 구매 전 확인할 기준,침실 수유 공간에서 젖병과 보틀워머를 준비하는 한국형 생활 장면,현재 호환 용기와 사용 조건은 상세페이지에서 확인하는 흐름,이 포스팅은 네이버 쇼핑커넥트 활동의 일환으로 이에 따른 일정액의 수수료를 제공받습니다.,사용자제공URL,네이버쇼핑커넥트,29,2026-05-12,,,,확인완료_사용자제공
그린핑거 유아용품 소독티슈 캡 50매 10팩 / 소독티슈 손소독티슈,그린핑거 유아용품 소독티슈 구매 전 체크,https://naver.me/GEdInXRu,,,출산/육아,확인필요,4.94,"18,112",소독티슈,상시,외출과 육아용품 관리용 티슈를 비교하려는 보호자,외출 가방 유모차 식탁 장난감 정리 공간,"유아용품 소독티슈를 고를 때 매수와 사용 가능 범위, 휴대성 기준이 헷갈리는 상황",팩 수만 보고 고르면 사용 위치나 성분 확인이 부족할 수 있음,평점 4.94 기준으로 후기 흐름 확인 가능,"리뷰 18,112개 기준으로 사용자 반응 확인 가능",캡형 50매 10팩 구성 확인 가능,"성분, 사용 가능 표면, 매수, 보관법, 평점과 리뷰 수는 상세페이지에서 확인 필요",구매 전 성분 사용 범위 매수 휴대성을 확인하려는 의도,육아용품 관리와 휴대 편의성을 먼저 보는 구매 체크형,유아용품 소독티슈 구매 전 확인할 기준,외출 가방 옆에 소독티슈와 유아용품을 정리하는 한국형 생활 장면,현재 구성과 사용 가능 범위는 상세페이지에서 확인하는 흐름,이 포스팅은 네이버 쇼핑커넥트 활동의 일환으로 이에 따른 일정액의 수수료를 제공받습니다.,사용자제공URL,네이버쇼핑커넥트,30,2026-05-12,,,,확인완료_사용자제공
미엘 물티슈 클래식 캡형 100매 20팩 평량 50g 유아용 저자극 대용량 플레인,미엘 유아 물티슈 100매 20팩 구매 전 체크,https://naver.me/5HytZkUB,,,출산/육아,확인필요,4.87,"204,631",유아물티슈,상시,대용량 유아 물티슈를 비교하려는 보호자,거실 기저귀 갈이대 외출 가방 식탁,"유아 물티슈를 고를 때 평량과 매수, 캡형 보관 기준이 헷갈리는 상황","가격만 보고 고르면 두께나 사용감, 보관 편의성이 맞지 않을 수 있음",평점 4.87 기준으로 후기 흐름 확인 가능,"리뷰 204,631개 기준으로 사용자 반응 확인 가능",캡형 100매 20팩 대용량 구성 확인 가능,"평량, 성분, 매수, 보관법, 평점과 리뷰 수는 상세페이지에서 확인 필요",구매 전 평량 매수 성분 보관 편의성을 확인하려는 의도,대용량 구성과 사용 빈도를 먼저 보는 구매 체크형,유아 물티슈 구매 전 확인할 기준,기저귀 갈이대 옆에 물티슈를 정리하는 한국형 생활 장면,현재 구성과 성분은 상세페이지에서 확인하는 흐름,이 포스팅은 네이버 쇼핑커넥트 활동의 일환으로 이에 따른 일정액의 수수료를 제공받습니다.,사용자제공URL,네이버쇼핑커넥트,31,2026-05-12,,,,확인완료_사용자제공
"존슨즈베이비 베드타임 바디오일 500ml, 2개",존슨즈베이비 베드타임 바디오일 구매 전 체크,https://naver.me/5t7e6JcZ,,,출산/육아,확인필요,4.87,"4,827",베이비오일,상시,아이 목욕 후 보습 제품을 비교하려는 보호자,욕실 아기방 목욕 후 케어 공간,"베이비 바디오일을 고를 때 용량과 향, 사용감 기준이 헷갈리는 상황","용량만 보고 고르면 향이나 피부 타입, 사용 방식이 맞지 않을 수 있음",평점 4.87 기준으로 후기 흐름 확인 가능,"리뷰 4,827개 기준으로 사용자 반응 확인 가능",500ml 2개 구성 확인 가능,"성분, 향, 사용 연령, 피부 타입, 평점과 리뷰 수는 상세페이지에서 확인 필요",구매 전 성분 향 용량 사용감을 확인하려는 의도,목욕 후 보습 루틴과 사용감을 먼저 보는 구매 체크형,베이비 바디오일 구매 전 확인할 기준,아기 목욕 후 케어 용품을 정리하는 한국형 생활 장면,현재 성분과 구성은 상세페이지에서 확인하는 흐름,이 포스팅은 네이버 쇼핑커넥트 활동의 일환으로 이에 따른 일정액의 수수료를 제공받습니다.,사용자제공URL,네이버쇼핑커넥트,32,2026-05-12,,,,확인완료_사용자제공
"닥터노아 불소 아기치약 유아 어린이 키즈 돌 6개월 라즈베리, 60g, 1개",닥터노아 불소 아기치약 구매 전 체크,https://naver.me/GtY1xUeF,,,출산/육아,확인필요,4.9,"2,783",유아치약,상시,아이 양치 습관에 맞는 치약을 비교하려는 보호자,욕실 세면대 양치 준비 공간,"유아 치약을 고를 때 불소 여부와 사용 연령, 맛 기준이 헷갈리는 상황",향이나 맛만 보고 고르면 사용 연령이나 양치 습관과 맞지 않을 수 있음,평점 4.9 기준으로 후기 흐름 확인 가능,"리뷰 2,783개 기준으로 사용자 반응 확인 가능",라즈베리 60g 구성 확인 가능,"불소 함량, 사용 연령, 사용량, 성분, 평점과 리뷰 수는 상세페이지와 전문가 안내 확인 필요",구매 전 불소 여부 사용 연령 성분 사용량을 확인하려는 의도,양치 습관과 사용 연령을 먼저 보는 구매 체크형,유아 치약 구매 전 확인할 기준,욕실 세면대에서 유아 치약과 칫솔을 준비하는 한국형 생활 장면,현재 성분과 사용 연령은 상세페이지에서 확인하는 흐름,이 포스팅은 네이버 쇼핑커넥트 활동의 일환으로 이에 따른 일정액의 수수료를 제공받습니다.,사용자제공URL,네이버쇼핑커넥트,33,2026-05-12,,,,확인완료_사용자제공
그린핑거 베베그로우 PPSU 젖병 트윈팩 크림&베이지 160ml (노꼭지)+젖꼭지 2개 세트,그린핑거 베베그로우 PPSU 젖병 구매 전 체크,https://naver.me/Gah28lsD,,,출산/육아,확인필요,4.91,"5,528",젖병,상시,젖병 소재와 용량을 비교하려는 보호자,주방 수유 공간 젖병 소독기 옆,"젖병을 고를 때 소재와 용량, 젖꼭지 구성 기준이 헷갈리는 상황",색상이나 세트 구성만 보고 고르면 아이 수유량이나 호환성이 맞지 않을 수 있음,평점 4.91 기준으로 후기 흐름 확인 가능,"리뷰 5,528개 기준으로 사용자 반응 확인 가능",PPSU 160ml 트윈팩 구성 확인 가능,"소재, 용량, 젖꼭지 단계, 호환성, 평점과 리뷰 수는 상세페이지에서 확인 필요",구매 전 소재 용량 젖꼭지 구성 호환성을 확인하려는 의도,수유량과 세척 편의성을 먼저 보는 구매 체크형,PPSU 젖병 구매 전 확인할 기준,수유 공간에서 젖병과 젖꼭지를 정리하는 한국형 생활 장면,현재 구성과 젖꼭지 단계는 상세페이지에서 확인하는 흐름,이 포스팅은 네이버 쇼핑커넥트 활동의 일환으로 이에 따른 일정액의 수수료를 제공받습니다.,사용자제공URL,네이버쇼핑커넥트,34,2026-05-12,,,,확인완료_사용자제공
"아비노베이비 데일리 올인원 아기 샴푸 보습 키즈 바디워시 532ml, 2개",아비노베이비 올인원 아기 샴푸 바디워시 구매 전 체크,https://naver.me/5o0XgEc2,,,출산/육아,확인필요,4.9,"3,641",베이비워시,상시,아이 목욕용 올인원 워시를 비교하려는 보호자,욕실 목욕 준비 공간 아기 욕조 옆,"아기 샴푸와 바디워시를 고를 때 성분과 용량, 사용감 기준이 헷갈리는 상황","올인원이라는 점만 보고 고르면 피부 타입이나 향, 세정감이 맞지 않을 수 있음",평점 4.9 기준으로 후기 흐름 확인 가능,"리뷰 3,641개 기준으로 사용자 반응 확인 가능",532ml 2개 올인원 구성 확인 가능,"성분, 향, 사용 연령, 세정감, 평점과 리뷰 수는 상세페이지에서 확인 필요",구매 전 성분 용량 향 사용감을 확인하려는 의도,목욕 루틴과 세정 편의성을 먼저 보는 구매 체크형,아기 샴푸 바디워시 구매 전 확인할 기준,욕실에서 아기 목욕용품을 정리하는 한국형 생활 장면,현재 성분과 구성은 상세페이지에서 확인하는 흐름,이 포스팅은 네이버 쇼핑커넥트 활동의 일환으로 이에 따른 일정액의 수수료를 제공받습니다.,사용자제공URL,네이버쇼핑커넥트,35,2026-05-12,,,,확인완료_사용자제공
아이러브베베 시그니앙 골드크림 82g 엠보 70매 20팩 캡형 아기 물티슈,아이러브베베 시그니앙 아기 물티슈 구매 전 체크,https://naver.me/FuN6czPD,,,출산/육아,확인필요,4.92,"33,027",유아물티슈,상시,아기 물티슈 대용량 구성을 비교하려는 보호자,거실 기저귀 갈이대 외출 가방,"아기 물티슈를 고를 때 평량과 매수, 엠보 타입 기준이 헷갈리는 상황","팩 수만 보고 고르면 두께나 사용감, 보관 편의성이 맞지 않을 수 있음",평점 4.92 기준으로 후기 흐름 확인 가능,"리뷰 33,027개 기준으로 사용자 반응 확인 가능",엠보 70매 20팩 캡형 구성 확인 가능,"평량, 성분, 매수, 엠보 타입, 평점과 리뷰 수는 상세페이지에서 확인 필요",구매 전 평량 성분 매수 엠보 타입을 확인하려는 의도,대용량 구성과 사용감을 먼저 보는 구매 체크형,아기 물티슈 대용량 구매 전 확인할 기준,기저귀 갈이대 옆에 캡형 물티슈를 정리하는 한국형 생활 장면,현재 구성과 성분은 상세페이지에서 확인하는 흐름,이 포스팅은 네이버 쇼핑커넥트 활동의 일환으로 이에 따른 일정액의 수수료를 제공받습니다.,사용자제공URL,네이버쇼핑커넥트,36,2026-05-12,,,,확인완료_사용자제공
[홍현희 Pick] 벨베이비 자석 블럭 블록 매직 큐브 자석교구 유아 네모 블럭,벨베이비 자석 블럭 구매 전 체크,https://naver.me/IID1Ttp6,,,완구/교구,확인필요,4.9,"11,701",자석블럭,상시,유아 자석교구와 블록 장난감을 비교하려는 보호자,거실 놀이매트 아이방 책상,"자석 블럭을 고를 때 조각 구성과 안전성, 보관 기준이 헷갈리는 상황",인기 문구만 보고 고르면 아이 연령이나 놀이 방식과 맞지 않을 수 있음,평점 4.9 기준으로 후기 흐름 확인 가능,"리뷰 11,701개 기준으로 사용자 반응 확인 가능",자석 블럭 매직 큐브 구성 확인 가능,"권장 연령, 조각 구성, 자석 강도, 보관법, 평점과 리뷰 수는 상세페이지에서 확인 필요",구매 전 권장 연령 구성 보관성 놀이 방식을 확인하려는 의도,놀이 방식과 정리 편의성을 먼저 보는 구매 체크형,유아 자석 블럭 구매 전 확인할 기준,아이방에서 자석 블럭과 교구를 정리하는 한국형 생활 장면,현재 구성과 권장 연령은 상세페이지에서 확인하는 흐름,이 포스팅은 네이버 쇼핑커넥트 활동의 일환으로 이에 따른 일정액의 수수료를 제공받습니다.,사용자제공URL,네이버쇼핑커넥트,37,2026-05-12,true,2026-05-12 18:07:32,벨베이비 자석 블럭 구매 전 체크 권장연령과 보관 기준,확인완료_사용자제공
"그린핑거 베베그로우 젖꼭지 M (2입) X 2EA / 이중에어벨브,국내생산,모유실감",그린핑거 베베그로우 젖꼭지 M 구매 전 체크,https://naver.me/FAARS2sK,,,출산/육아,확인필요,4.92,"2,562",젖꼭지,상시,젖병 젖꼭지 단계와 호환성을 비교하려는 보호자,주방 수유 공간 젖병 소독기 옆,"젖꼭지를 고를 때 단계와 호환 젖병, 교체 기준이 헷갈리는 상황",단계만 보고 고르면 아이 수유 속도나 젖병 호환성이 맞지 않을 수 있음,평점 4.92 기준으로 후기 흐름 확인 가능,"리뷰 2,562개 기준으로 사용자 반응 확인 가능",M 단계 2입 X 2EA 구성 확인 가능,"호환 젖병, 단계, 교체 주기, 소재, 평점과 리뷰 수는 상세페이지에서 확인 필요",구매 전 단계 호환성 교체 기준 구성을 확인하려는 의도,수유 단계와 호환성을 먼저 보는 구매 체크형,젖병 젖꼭지 구매 전 확인할 기준,수유 공간에서 젖병 젖꼭지를 정리하는 한국형 생활 장면,현재 호환성과 단계는 상세페이지에서 확인하는 흐름,이 포스팅은 네이버 쇼핑커넥트 활동의 일환으로 이에 따른 일정액의 수수료를 제공받습니다.,사용자제공URL,네이버쇼핑커넥트,38,2026-05-12,,,,확인완료_사용자제공
배마마 브로콜리 큐브 외 46종 다진 야채 채소 토핑 재료 죽 고운입자 미음 15gX6,배마마 브로콜리 큐브 구매 전 체크,https://naver.me/5GchWGQF,,,출산/육아,확인필요,4.92,"59,688",이유식큐브,상시,이유식 채소 토핑을 비교하려는 보호자,집 주방 이유식 준비 공간,"이유식 큐브를 고를 때 입자와 종류, 보관 기준이 헷갈리는 상황",채소 종류만 보고 고르면 아이 월령이나 조리 방식과 맞지 않을 수 있음,평점 4.92 기준으로 후기 흐름 확인 가능,"리뷰 59,688개 기준으로 사용자 반응 확인 가능",브로콜리 포함 46종 채소 큐브 구성 확인 가능,"월령, 원재료, 입자, 보관 방식, 평점과 리뷰 수는 상세페이지에서 확인 필요",구매 전 원재료 입자 보관 방식 월령 기준을 확인하려는 의도,이유식 토핑과 보관 기준을 먼저 보는 구매 체크형,브로콜리 이유식 큐브 구매 전 확인할 기준,주방에서 이유식 큐브와 조리도구를 준비하는 한국형 생활 장면,현재 종류와 원재료는 상세페이지에서 확인하는 흐름,이 포스팅은 네이버 쇼핑커넥트 활동의 일환으로 이에 따른 일정액의 수수료를 제공받습니다.,사용자제공URL,네이버쇼핑커넥트,39,2026-05-12,,,,확인완료_사용자제공
5켤레 키즈 데일리 삭스 24컬러 주니어 아동 유아 미끄럼방지 아기 양말 선물 세트 N배송,키즈 데일리 삭스 5켤레 구매 전 체크,https://naver.me/xNpm0n7A,,,유아동패션,확인필요,4.9,"6,309",아기양말,상시,아이 양말 사이즈와 구성을 비교하려는 보호자,어린이집 등원 준비 서랍장 외출 가방,"키즈 양말을 고를 때 사이즈와 미끄럼방지, 색상 구성 기준이 헷갈리는 상황",컬러만 보고 고르면 발 사이즈나 미끄럼방지 여부가 맞지 않을 수 있음,평점 4.9 기준으로 후기 흐름 확인 가능,"리뷰 6,309개 기준으로 사용자 반응 확인 가능",5켤레 24컬러 구성 확인 가능,"사이즈, 소재, 미끄럼방지, 세탁법, 평점과 리뷰 수는 상세페이지에서 확인 필요",구매 전 사이즈 소재 미끄럼방지 구성을 확인하려는 의도,등원 준비와 착용 편의성을 먼저 보는 구매 체크형,키즈 양말 구매 전 확인할 기준,아이 옷장 앞에서 키즈 양말을 정리하는 한국형 생활 장면,현재 색상과 사이즈는 상세페이지에서 확인하는 흐름,이 포스팅은 네이버 쇼핑커넥트 활동의 일환으로 이에 따른 일정액의 수수료를 제공받습니다.,사용자제공URL,네이버쇼핑커넥트,40,2026-05-12,,,,확인완료_사용자제공
키저스 빙글빙글 스핀팝 국민 흡착 회전 딸랑이 세트 돌 아기 백일 스피너 장난감 선물,키저스 스핀팝 흡착 딸랑이 구매 전 체크,https://naver.me/x6JAGxZb,,,완구/교구,확인필요,4.85,"7,045",아기딸랑이,상시,백일 돌 전후 아기 장난감을 비교하려는 보호자,유아식탁 거실 놀이매트 외출 가방,"흡착 회전 장난감을 고를 때 사용 월령과 흡착력, 세척 기준이 헷갈리는 상황",재미 요소만 보고 고르면 사용 공간이나 세척 편의성이 맞지 않을 수 있음,평점 4.85 기준으로 후기 흐름 확인 가능,"리뷰 7,045개 기준으로 사용자 반응 확인 가능",흡착 회전 딸랑이 세트 구성 확인 가능,"권장 월령, 흡착 방식, 세척법, 구성, 평점과 리뷰 수는 상세페이지에서 확인 필요",구매 전 월령 흡착력 세척 구성 사용 공간을 확인하려는 의도,놀이공간과 세척 편의성을 먼저 보는 구매 체크형,흡착 딸랑이 장난감 구매 전 확인할 기준,유아식탁에 흡착 장난감을 붙여 살펴보는 한국형 생활 장면,현재 구성과 권장 월령은 상세페이지에서 확인하는 흐름,이 포스팅은 네이버 쇼핑커넥트 활동의 일환으로 이에 따른 일정액의 수수료를 제공받습니다.,사용자제공URL,네이버쇼핑커넥트,41,2026-05-12,,,,확인완료_사용자제공
락앤락 리틀럽 디어 이유식 용기 실리콘캡 3P 원형,락앤락 리틀럽 이유식 용기 구매 전 체크,https://naver.me/5jXm5Bni,,,출산/육아,확인필요,4.87,"7,619",이유식용기,상시,이유식 보관 용기를 비교하려는 보호자,주방 냉장고 이유식 준비 공간,"이유식 용기를 고를 때 용량과 소재, 뚜껑 밀폐 기준이 헷갈리는 상황",용기 개수만 보고 고르면 냉장 보관이나 세척 동선이 맞지 않을 수 있음,평점 4.87 기준으로 후기 흐름 확인 가능,"리뷰 7,619개 기준으로 사용자 반응 확인 가능",실리콘캡 3P 원형 구성 확인 가능,"용량, 소재, 전자레인지 가능 여부, 세척법, 평점과 리뷰 수는 상세페이지에서 확인 필요",구매 전 용량 소재 밀폐력 세척 편의성을 확인하려는 의도,보관과 세척 동선을 먼저 보는 구매 체크형,이유식 용기 구매 전 확인할 기준,주방에서 이유식 용기와 실리콘캡을 정리하는 한국형 생활 장면,현재 용량과 소재는 상세페이지에서 확인하는 흐름,이 포스팅은 네이버 쇼핑커넥트 활동의 일환으로 이에 따른 일정액의 수수료를 제공받습니다.,사용자제공URL,네이버쇼핑커넥트,42,2026-05-12,,,,확인완료_사용자제공
5+1 7부내의 아기내복 봄 여름 밤부 매쉬 치즈 유아 아기실내복 신생아 배앓이방지 돌,아기 7부내의 밤부 매쉬 구매 전 체크,https://naver.me/GprfWlFa,,,유아동패션,확인필요,4.91,"33,143",아기내복,봄여름,아기 실내복과 여름 내의를 비교하려는 보호자,아기방 옷장 어린이집 등원 준비,"아기 내복을 고를 때 소재와 소매 길이, 사이즈 기준이 헷갈리는 상황","디자인만 보고 고르면 계절감이나 활동성, 세탁 후 착용감이 맞지 않을 수 있음",평점 4.91 기준으로 후기 흐름 확인 가능,"리뷰 33,143개 기준으로 사용자 반응 확인 가능",5+1 7부내의 밤부 매쉬 구성 확인 가능,"사이즈, 소재, 세탁법, 계절감, 평점과 리뷰 수는 상세페이지에서 확인 필요",구매 전 소재 사이즈 계절감 세탁 편의성을 확인하려는 의도,실내복 착용감과 계절감을 먼저 보는 구매 체크형,아기 7부내의 구매 전 확인할 기준,아기방 옷장 앞에서 여름 실내복을 정리하는 한국형 생활 장면,현재 사이즈와 소재는 상세페이지에서 확인하는 흐름,이 포스팅은 네이버 쇼핑커넥트 활동의 일환으로 이에 따른 일정액의 수수료를 제공받습니다.,사용자제공URL,네이버쇼핑커넥트,43,2026-05-12,,,,확인완료_사용자제공
