term,count
클렌징,36
여행용으로,32
리얼베리어,27
밀크,18
자극,17
있어서,14
클렌징밀크,14
저렴하게,13
생각보다,12
피부에,12
체험,12
자극이,12
배송,12
작아서,11
만족합니다,10
순한,10
촉촉,10
부드럽게,10
없음,10
없이,10
세정력이,9
자극 없음,9
세안,9
처음,9
피부,9
피부가,9
믿고,9
느낌이,8
없고,8
본품,8
쓰기,8
그래서,7
클렌징 밀크,7
이중,7
싶어서,7
선크림,7
쓰고,7
부드럽고,7
자극 없이,7
구매했습니다,7
않고,7
제품은,7
구매해봤어요,6
밀크는,6
크기가,6
없어서,6
평소,6
같아서,6
후에도,6
클렌징이,6
클렌징밀크로,6
순하고,6
주문했어요,6
여행갈때,6
휴대용으로,5
딜로,5
메이크업,5
구매했는데,5
마음에,5
마침,5
빠른,5
편이라,5
밀크가,5
바로,5
쓰는,5
선크림만,5
세안 후에도,5
선크림도,5
세라마이드,5
클렌징밀크는,5
사용하는데,5
사용해보고,5
가격에,5
클렌징 밀크가,5
촉촉해요,5
여행,5
체험 딜로,5
제품이,5
좋으면,5
좋았어요,5
좋았으면,4
한번,4
지워지고,4
항상,4
클렌징밀크도,4
여행용,4
주문했습니다,4
다른,4
빠른 배송,4
좋을,4
다시,4
건조한,4
클렌징밀크는 처음,4
사용해,4
클렌징 밀크는,4
싶어서 주문했어요,4
평소에,4
궁금해서,4
사이즈가,4
좋다고,4
들어요,4
좋겠어요,4
리얼베리어라,4
용량을,4
밀크를,4
깨끗하게,4
가벼운,4
촉촉한,4
구매할,4
브랜드,4
엄청,4
얼굴에,4
클렌징밀크를,4
써보진,3
자주,3
나면,3
써보는데,3
있었어요,3
싸게,3
싶었는데,3
순해서,3
클렌징밀크가,3
리얼베리어 제품이,3
세정력도,3
세정력,3
이번에,3
세안 후에도 당김이,3
샘플로,3
사이즈네요,3
괜찮으면,3
사용전이지만,3
당김이,3
사용전이라,3
사봤는데,3
빨라요,3
빨라서,3
빠른배송,3
빠르네요,3
구매할게요,3
오일,3
부담,3
타사,3
클렌징폼,3
보고,3
지워서,3
배송도,3
여행가서,3
배송 빨라요,3
주로,3
클렌징 오일,3
클렌징 밀크를,3
좋았으면 좋겠어요,3
확실히,3
구매해봤습니다,3
민감성,3
뭔가,3
촉촉해서,3
물로,3
제품입니다,3
제품을,3
제품으로,3
구매해서,3
같아,3
같습니다,3
촉촉함이,3
없어요,3
무조건,3
무난하게,3
메이크업을,3
먼저,3
저렴한 가격에,3
저렴한,3
매일,3
맞으면,3
잘샀어요,3
맘에,3
작은,3
작아요,3
않아서,3
말안해도,3
리얼베리어에서,3
데일리로,3
쓰면,3
다니기,3
근데,3
쓰는데,3
그런지,3
후에도 당김이,3
쓰고 있어서,3
쓰겠습니다,3
가격도,3
화장을,2
하는,2
다시 후기쓸께요 기대가,2
다음에,2
향은,2
1회,2
2차세안까지,2
피부자극이,2
피부자극,2
